upStatID,userID,upID,totalWatchDuration,uniqueVideos
1,1,51,00:14:13,1
2,1,52,24:55:58,1
3,1,54,00:00:47,1
4,1,55,00:02:27,1
5,1,57,04:59:52,4
6,1,58,00:08:17,2
7,1,59,23:49:18,2
8,1,60,04:46:52,5
9,1,61,00:00:50,1
10,1,62,02:26:26,3
11,1,63,00:00:53,1
12,1,64,00:03:55,1
13,1,65,00:04:05,3
14,1,66,34:10:10,4
15,1,67,02:31:02,1
16,1,68,00:01:02,1
17,1,70,05:13:06,5
18,1,71,27:25:38,6
19,1,73,21:59:38,1
20,1,74,02:04:25,1
21,1,75,00:02:29,2
22,1,78,95:26:39,6
23,1,79,02:15:35,4
24,1,80,25:53:14,2
25,1,81,42:05:47,2
26,1,82,00:03:14,2
27,1,83,00:06:26,2
28,1,84,01:58:44,3
29,1,86,01:51:22,3
30,1,87,00:54:20,4
31,1,88,21:45:51,3
32,1,90,02:47:41,3
33,1,91,00:47:47,1
34,1,92,02:01:26,2
35,1,93,02:35:02,4
36,1,94,00:02:19,1
37,1,95,00:57:23,2
38,1,98,21:43:21,5
39,1,99,00:02:50,2
40,1,100,01:57:05,2
41,1,101,01:17:15,3
42,1,102,05:51:58,4
43,1,103,24:11:29,1
44,1,104,00:53:53,3
45,1,105,03:30:59,4
46,1,106,04:23:57,4
47,1,107,00:36:12,1
48,1,108,00:02:57,3
49,1,109,00:46:27,2
50,1,110,00:46:35,2
51,1,111,07:09:40,3
52,1,112,00:02:06,1
53,1,113,00:02:23,2
54,1,114,00:02:12,1
55,1,115,00:15:10,1
56,1,116,00:27:52,1
57,1,117,00:08:02,2
58,1,119,00:07:11,2
59,1,120,00:00:41,1
60,1,121,03:15:08,4
61,1,122,02:58:01,2
62,1,125,19:29:53,2
63,1,126,39:28:51,3
64,1,127,01:38:47,4
65,1,128,00:02:01,2
66,1,129,00:01:27,1
67,1,130,09:00:10,2
68,1,131,00:28:43,2
69,1,132,04:20:47,3
70,1,133,00:02:11,2
71,1,134,06:16:34,3
72,1,135,00:21:39,4
73,1,136,00:00:52,1
74,1,137,22:06:18,1
75,1,139,28:02:18,3
76,1,140,02:18:30,2
77,1,141,00:14:06,2
78,1,142,22:53:55,3
79,1,143,00:04:00,1
80,1,144,01:52:46,2
81,1,145,27:57:58,7
82,1,146,01:47:21,2
83,1,147,02:24:56,2
84,1,148,00:05:10,3
85,1,149,23:23:27,3
86,1,150,29:08:02,3
87,2,52,00:04:58,1
88,2,54,00:00:59,1
89,2,55,00:01:16,1
90,2,57,00:05:12,2
91,2,58,02:43:12,1
92,2,59,00:00:58,1
93,2,60,16:19:32,3
94,2,61,00:03:39,2
95,2,62,00:03:19,1
96,2,64,00:17:51,2
97,2,65,02:01:39,2
98,2,66,00:05:24,2
99,2,67,00:08:46,2
100,2,69,00:06:05,1
101,2,70,19:15:41,6
102,2,71,05:52:20,5
103,2,73,00:02:01,1
104,2,75,00:11:35,1
105,2,77,00:10:36,1
106,2,79,46:06:49,2
107,2,82,00:02:48,2
108,2,84,00:01:51,2
109,2,86,00:19:08,2
110,2,87,02:11:13,3
111,2,88,00:07:27,1
112,2,90,00:07:56,2
113,2,92,00:36:22,1
114,2,93,26:32:41,1
115,2,97,00:02:45,2
116,2,98,00:15:58,2
117,2,99,00:06:06,3
118,2,100,24:26:26,1
119,2,101,00:01:00,1
120,2,102,00:00:27,1
121,2,103,01:13:50,2
122,2,104,00:02:40,1
123,2,105,00:00:17,1
124,2,106,00:00:26,1
125,2,107,23:05:11,1
126,2,108,02:14:22,1
127,2,110,31:14:24,4
128,2,111,00:26:57,3
129,2,112,26:13:39,1
130,2,113,00:17:35,2
131,2,114,00:05:17,2
132,2,115,00:03:07,1
133,2,117,00:01:10,2
134,2,119,07:04:30,1
135,2,120,00:08:52,3
136,2,121,00:03:10,2
137,2,122,00:00:38,1
138,2,124,00:04:37,2
139,2,125,00:00:06,1
140,2,126,00:04:24,2
141,2,127,20:45:27,3
142,2,130,00:00:43,1
143,2,131,78:01:08,3
144,2,132,24:03:30,2
145,2,133,01:49:38,1
146,2,134,20:22:36,1
147,2,135,23:35:34,4
148,2,136,00:03:17,3
149,2,137,00:03:31,1
150,2,139,00:00:04,1
151,2,141,00:04:56,2
152,2,142,24:33:26,2
153,2,145,22:37:12,4
154,2,146,00:00:33,1
155,2,147,22:11:22,2
156,2,148,00:13:48,3
157,2,150,00:02:48,1
158,3,51,22:24:48,1
159,3,54,11:25:45,1
160,3,55,22:45:29,1
161,3,57,134:50:11,3
162,3,58,21:10:00,1
163,3,59,00:24:08,2
164,3,60,00:17:41,1
165,3,61,00:55:50,1
166,3,62,00:00:34,1
167,3,64,23:57:35,2
168,3,66,355:39:51,2
169,3,67,00:02:05,2
170,3,68,24:53:34,1
171,3,70,03:53:19,1
172,3,71,51:32:13,3
173,3,73,01:51:36,2
174,3,74,21:39:15,1
175,3,75,47:56:58,1
176,3,76,00:15:05,1
177,3,77,00:58:16,1
178,3,78,00:05:23,2
179,3,79,00:05:12,2
180,3,81,00:01:20,1
181,3,83,00:00:38,1
182,3,84,21:31:33,1
183,3,85,21:17:46,1
184,3,87,27:48:27,3
185,3,88,24:53:35,1
186,3,89,00:03:35,2
187,3,92,86:38:03,2
188,3,93,100:44:42,2
189,3,95,00:00:47,1
190,3,97,01:52:43,2
191,3,98,00:02:43,1
192,3,99,00:01:24,1
193,3,101,00:10:14,1
194,3,102,29:55:13,1
195,3,104,00:00:27,1
196,3,106,01:05:10,1
197,3,107,85:18:27,2
198,3,108,00:01:21,1
199,3,109,76:13:30,1
200,3,110,46:31:32,2
201,3,111,37:53:12,2
202,3,113,00:00:38,1
203,3,115,00:00:22,1
204,3,116,00:02:00,1
205,3,119,29:07:22,4
206,3,121,02:40:28,3
207,3,122,81:47:10,2
208,3,124,103:23:16,2
209,3,125,00:30:35,1
210,3,126,00:24:15,2
211,3,127,00:08:16,2
212,3,129,00:02:22,1
213,3,130,25:01:16,1
214,3,132,24:29:33,2
215,3,134,00:02:59,2
216,3,135,02:25:14,2
217,3,137,25:51:10,2
218,3,139,00:01:05,1
219,3,140,01:31:09,2
220,3,141,00:01:01,1
221,3,142,24:27:23,2
222,3,145,118:09:45,6
223,3,147,00:02:38,1
224,3,149,23:51:31,1
225,3,150,33:53:09,2
226,4,51,00:00:00,1
227,4,60,00:45:47,2
228,4,64,674:53:35,1
229,4,68,23:53:18,2
230,4,71,06:59:49,1
231,4,79,00:41:09,1
232,4,84,01:31:04,1
233,4,87,57:34:01,1
234,4,90,01:19:02,1
235,4,93,00:00:00,1
236,4,94,08:36:19,2
237,4,95,00:00:00,2
238,4,98,02:59:56,1
239,4,100,00:00:00,1
240,4,104,00:30:00,1
241,4,106,01:16:56,1
242,4,107,00:33:42,1
243,4,110,01:57:09,1
244,4,119,00:00:00,1
245,4,121,01:49:48,2
246,4,123,00:33:30,1
247,4,124,70:37:01,2
248,4,125,00:00:00,1
249,4,128,00:13:43,1
250,4,132,00:00:00,1
251,4,141,01:23:05,1
252,4,142,00:00:00,1
253,4,143,01:13:44,1
254,4,147,276:08:51,3
255,4,148,00:10:00,1
256,5,68,00:12:17,1
257,5,71,00:00:00,1
258,5,78,00:00:00,1
259,5,93,00:00:00,1
260,5,94,01:23:09,2
261,5,98,93:09:41,1
262,5,102,77:58:08,1
263,5,103,00:00:00,1
264,5,116,70:21:26,1
265,5,117,00:00:00,1
266,5,119,00:00:00,1
267,5,126,51:54:12,1
268,5,131,23:19:12,1
269,5,135,03:00:00,1
270,5,141,02:46:24,1
271,5,144,00:00:00,1
272,6,51,24:42:28,2
273,6,52,69:01:32,1
274,6,53,00:44:09,1
275,6,54,36:58:50,3
276,6,55,15:11:11,1
277,6,57,40:27:50,3
278,6,60,02:24:53,1
279,6,62,01:32:59,1
280,6,68,47:23:40,1
281,6,69,72:56:43,2
282,6,70,23:37:24,2
283,6,73,01:38:43,1
284,6,77,22:34:10,1
285,6,80,21:04:36,2
286,6,81,01:45:45,1
287,6,87,07:54:32,1
288,6,90,03:48:27,1
289,6,91,01:30:55,1
290,6,94,12:04:39,1
291,6,99,02:39:20,2
292,6,100,01:27:39,1
293,6,104,80:11:03,2
294,6,107,17:23:10,3
295,6,109,05:52:33,2
296,6,110,05:02:51,2
297,6,112,29:37:18,2
298,6,113,00:43:33,1
299,6,114,00:00:09,1
300,6,117,00:07:49,1
301,6,119,34:47:32,2
302,6,120,64:31:49,2
303,6,121,06:57:52,1
304,6,123,02:16:07,2
305,6,124,21:29:08,1
306,6,125,00:00:04,1
307,6,126,00:10:19,1
308,6,127,00:22:28,1
309,6,129,13:49:51,1
310,6,132,03:35:10,1
311,6,133,36:54:34,3
312,6,134,23:26:40,1
313,6,135,01:18:58,1
314,6,136,16:08:23,2
315,6,137,17:06:53,1
316,6,140,00:18:05,1
317,6,141,04:28:23,1
318,6,142,17:07:04,2
319,6,144,00:01:34,1
320,6,145,09:26:07,1
321,6,149,00:50:57,1
322,6,150,48:13:13,2
323,7,52,04:10:32,1
324,7,53,07:43:57,1
325,7,54,04:31:30,2
326,7,57,09:26:46,5
327,7,58,04:58:55,1
328,7,59,00:11:07,2
329,7,61,07:32:12,3
330,7,62,05:45:39,2
331,7,63,43:16:56,1
332,7,64,01:53:26,1
333,7,65,02:10:51,2
334,7,67,04:07:45,2
335,7,69,18:22:19,2
336,7,70,05:53:31,4
337,7,71,27:18:57,2
338,7,72,02:13:28,2
339,7,73,02:21:49,1
340,7,74,02:15:47,2
341,7,75,06:20:50,2
342,7,77,01:21:43,2
343,7,80,16:47:01,1
344,7,82,03:53:29,2
345,7,83,33:12:44,4
346,7,84,03:06:48,2
347,7,86,07:35:34,1
348,7,87,05:04:47,1
349,7,88,02:44:29,2
350,7,89,00:00:08,1
351,7,91,18:09:59,2
352,7,92,24:11:00,1
353,7,93,01:30:09,1
354,7,94,02:01:29,1
355,7,95,03:06:42,2
356,7,97,01:10:18,2
357,7,98,12:06:07,2
358,7,99,01:45:38,2
359,7,100,01:44:08,1
360,7,101,01:40:56,1
361,7,102,01:27:50,1
362,7,103,33:41:35,2
363,7,104,01:53:52,2
364,7,105,56:47:18,4
365,7,106,00:00:41,1
366,7,107,00:18:45,1
367,7,109,00:02:22,1
368,7,110,07:56:41,2
369,7,111,03:28:17,3
370,7,113,12:19:27,1
371,7,114,06:43:01,2
372,7,116,01:42:00,1
373,7,117,01:29:10,1
374,7,118,00:01:52,1
375,7,119,02:44:30,2
376,7,121,06:44:38,2
377,7,122,01:48:17,1
378,7,123,01:37:17,2
379,7,124,00:04:11,1
380,7,125,00:05:46,1
381,7,126,03:00:51,2
382,7,128,04:42:55,2
383,7,133,01:43:55,1
384,7,134,02:33:20,2
385,7,136,07:47:02,3
386,7,139,00:30:33,1
387,7,142,00:29:15,2
388,7,146,00:02:45,1
389,7,147,00:22:16,1
390,7,148,01:41:33,2
391,7,149,02:17:12,1
392,8,51,00:00:00,1
393,8,52,11:33:39,2
394,8,53,00:10:00,1
395,8,55,00:09:47,2
396,8,57,12:58:19,1
397,8,59,00:10:00,1
398,8,60,00:10:00,3
399,8,61,06:57:20,1
400,8,63,00:00:00,1
401,8,64,00:00:00,1
402,8,65,00:00:00,1
403,8,66,00:00:00,2
404,8,67,00:10:00,1
405,8,68,00:09:25,3
406,8,69,00:00:00,1
407,8,70,00:20:00,2
408,8,73,00:00:00,1
409,8,76,00:00:00,1
410,8,78,00:00:00,1
411,8,79,00:14:17,3
412,8,81,00:00:00,2
413,8,82,00:00:00,2
414,8,83,00:00:00,2
415,8,84,00:10:00,2
416,8,86,22:14:00,1
417,8,87,34:43:48,6
418,8,89,00:00:00,1
419,8,90,24:30:45,3
420,8,91,00:00:00,2
421,8,92,00:00:00,1
422,8,93,00:00:00,3
423,8,94,00:10:00,1
424,8,95,00:00:00,1
425,8,96,00:00:00,2
426,8,99,00:00:00,2
427,8,100,00:10:00,2
428,8,103,00:00:00,2
429,8,105,30:49:45,2
430,8,106,00:00:00,1
431,8,107,00:00:00,2
432,8,108,00:00:00,2
433,8,109,00:07:59,1
434,8,111,00:00:00,3
435,8,115,00:20:00,1
436,8,116,00:08:45,2
437,8,119,00:00:00,1
438,8,121,00:10:00,2
439,8,122,00:10:00,1
440,8,124,00:10:00,1
441,8,125,01:45:40,3
442,8,126,00:04:44,1
443,8,128,00:14:15,4
444,8,129,00:10:00,1
445,8,130,00:00:00,2
446,8,131,00:15:53,2
447,8,132,00:10:00,4
448,8,135,17:46:17,3
449,8,136,00:00:00,3
450,8,137,00:00:00,1
451,8,141,00:00:09,2
452,8,142,00:00:00,1
453,8,144,00:00:00,1
454,8,145,00:00:00,2
455,8,146,00:00:00,2
456,8,147,00:00:00,2
457,8,148,00:30:00,3
458,8,149,20:42:32,2
459,8,150,00:00:00,1
460,9,51,00:00:00,1
461,9,57,01:24:09,1
462,9,59,00:10:00,1
463,9,63,01:39:59,2
464,9,64,00:00:00,1
465,9,66,24:26:24,2
466,9,67,00:00:00,1
467,9,70,00:00:00,1
468,9,71,19:21:58,3
469,9,75,00:03:28,2
470,9,76,06:22:24,3
471,9,79,10:28:12,1
472,9,80,01:56:08,1
473,9,82,00:00:00,2
474,9,84,34:43:10,3
475,9,86,02:16:44,1
476,9,87,01:54:51,1
477,9,89,00:10:01,1
478,9,90,00:40:00,1
479,9,91,00:00:00,1
480,9,92,12:05:06,1
481,9,94,28:28:23,4
482,9,95,06:17:14,1
483,9,99,06:07:48,1
484,9,100,01:43:54,1
485,9,102,00:00:00,1
486,9,104,00:00:00,1
487,9,105,26:01:49,2
488,9,106,00:59:37,1
489,9,107,00:00:00,1
490,9,108,01:37:34,1
491,9,110,01:16:03,2
492,9,111,01:21:47,1
493,9,112,00:00:00,2
494,9,114,16:13:26,1
495,9,115,00:47:59,2
496,9,118,01:55:34,1
497,9,119,00:00:00,1
498,9,121,17:31:40,2
499,9,122,00:53:14,2
500,9,123,23:55:26,1
501,9,125,00:00:00,1
502,9,126,00:19:09,1
503,9,127,00:00:00,1
504,9,130,01:27:39,1
505,9,131,00:00:00,1
506,9,133,00:00:00,1
507,9,137,02:19:59,2
508,9,139,00:00:00,1
509,9,142,00:00:00,1
510,9,144,00:02:06,1
511,9,146,25:18:20,1
512,9,147,00:00:00,1
513,9,148,25:26:04,2
514,9,150,27:26:09,2
515,10,51,03:19:23,1
516,10,54,186:38:44,2
517,10,57,01:07:45,1
518,10,60,01:09:59,1
519,10,62,04:50:00,1
520,10,63,00:50:00,1
521,10,66,1148:52:38,1
522,10,67,26:18:48,2
523,10,69,06:39:59,1
524,10,71,00:00:00,2
525,10,73,00:00:00,1
526,10,74,20:45:14,2
527,10,75,00:00:00,1
528,10,79,11:29:59,2
529,10,80,22:28:19,1
530,10,81,00:05:15,2
531,10,84,00:00:00,1
532,10,86,01:18:17,2
533,10,87,10:09:59,1
534,10,88,00:00:00,1
535,10,90,521:42:12,1
536,10,92,92:53:18,2
537,10,93,00:00:00,1
538,10,95,00:00:00,1
539,10,96,02:01:55,2
540,10,98,00:00:00,1
541,10,100,00:00:00,1
542,10,102,00:00:00,1
543,10,105,03:27:31,2
544,10,108,00:00:00,1
545,10,109,01:10:00,1
546,10,110,24:55:41,2
547,10,111,00:00:00,2
548,10,113,00:00:00,1
549,10,115,04:43:59,3
550,10,116,00:00:00,1
551,10,117,00:10:30,1
552,10,119,00:00:00,2
553,10,120,00:00:00,1
554,10,121,00:00:00,2
555,10,123,00:10:00,1
556,10,124,00:00:00,1
557,10,127,00:18:49,2
558,10,133,00:00:00,1
559,10,135,00:00:00,1
560,10,136,01:09:30,1
561,10,137,00:00:00,1
562,10,140,00:00:00,3
563,10,141,01:05:48,1
564,10,145,74:00:32,3
565,10,149,44:14:46,1
566,10,150,01:20:00,1
567,11,51,01:04:54,1
568,11,60,00:00:00,1
569,11,69,00:00:00,1
570,11,70,00:00:00,1
571,11,78,00:00:00,1
572,11,85,01:20:01,1
573,11,88,00:00:00,1
574,11,96,01:40:00,1
575,11,98,00:00:00,1
576,11,102,43:06:50,1
577,11,104,02:54:08,2
578,11,111,04:04:15,1
579,11,116,10:30:34,1
580,11,118,00:30:00,1
581,11,119,00:53:54,1
582,11,126,15:35:52,1
583,11,131,06:54:07,1
584,11,132,00:00:00,2
585,11,135,04:52:21,1
586,11,141,00:00:00,1
587,11,144,01:00:01,1
588,12,52,22:09:06,1
589,12,53,253:15:00,1
590,12,54,00:03:37,2
591,12,55,24:06:08,2
592,12,56,02:19:34,2
593,12,57,50:34:44,2
594,12,59,00:09:33,1
595,12,60,01:57:57,1
596,12,61,24:46:38,2
597,12,62,25:27:17,2
598,12,64,43:29:00,1
599,12,65,00:00:13,1
600,12,68,47:37:37,1
601,12,69,18:27:40,1
602,12,70,00:14:15,1
603,12,71,22:21:15,1
604,12,72,27:26:01,1
605,12,75,03:12:24,2
606,12,79,22:24:28,1
607,12,82,20:09:39,3
608,12,83,12:46:25,4
609,12,84,22:11:15,2
610,12,85,00:08:34,1
611,12,86,42:55:18,2
612,12,87,00:05:13,1
613,12,88,24:53:56,1
614,12,89,30:58:00,2
615,12,90,23:51:13,3
616,12,91,02:10:05,1
617,12,92,18:48:08,2
618,12,94,00:05:39,1
619,12,95,97:16:24,1
620,12,97,00:10:38,1
621,12,98,81:49:51,2
622,12,99,126:50:09,1
623,12,101,03:18:31,2
624,12,102,00:41:48,2
625,12,103,00:02:24,1
626,12,104,04:31:22,1
627,12,105,06:01:18,2
628,12,107,02:11:25,2
629,12,108,00:59:02,1
630,12,109,00:00:23,1
631,12,111,00:06:16,1
632,12,114,86:55:06,2
633,12,115,02:10:57,1
634,12,116,01:19:30,1
635,12,117,00:43:33,1
636,12,120,49:52:21,2
637,12,122,04:58:21,1
638,12,123,12:49:53,1
639,12,124,00:00:46,2
640,12,130,19:00:49,1
641,12,131,00:19:26,1
642,12,132,37:25:53,2
643,12,133,38:09:07,1
644,12,134,00:11:37,2
645,12,140,00:10:21,1
646,12,145,03:18:36,1
647,12,147,00:08:49,2
648,12,148,22:05:33,2
649,12,150,01:45:12,2
650,13,51,00:00:16,1
651,13,52,00:45:28,1
652,13,53,21:14:04,1
653,13,54,03:36:57,1
654,13,56,03:45:42,2
655,13,58,02:12:46,1
656,13,59,13:50:27,5
657,13,60,04:29:56,2
658,13,61,03:07:01,2
659,13,62,02:04:25,1
660,13,63,01:45:14,1
661,13,64,06:21:33,3
662,13,65,01:46:11,1
663,13,67,33:31:49,1
664,13,70,00:03:31,1
665,13,72,04:51:59,2
666,13,73,01:26:31,1
667,13,76,01:44:54,1
668,13,78,02:02:53,1
669,13,81,01:37:10,1
670,13,83,01:18:41,1
671,13,84,02:09:27,1
672,13,85,05:40:55,2
673,13,86,02:12:56,1
674,13,87,00:07:13,1
675,13,88,01:35:34,1
676,13,92,13:47:40,1
677,13,93,00:10:05,1
678,13,94,01:43:25,1
679,13,95,05:03:29,3
680,13,96,03:41:37,1
681,13,97,05:10:07,4
682,13,99,22:06:30,2
683,13,102,05:09:20,4
684,13,103,00:00:00,1
685,13,104,25:17:41,1
686,13,105,05:24:29,2
687,13,106,03:16:13,2
688,13,107,00:11:08,1
689,13,109,04:29:26,4
690,13,110,10:56:54,5
691,13,116,21:01:16,1
692,13,117,01:55:15,1
693,13,119,02:10:22,1
694,13,120,02:37:37,1
695,13,122,05:00:56,3
696,13,123,08:24:52,3
697,13,124,02:07:15,1
698,13,125,01:53:31,2
699,13,126,02:20:56,1
700,13,130,00:34:04,1
701,13,132,00:00:11,1
702,13,133,00:31:01,1
703,13,134,02:07:07,3
704,13,135,01:05:48,3
705,13,137,00:29:53,1
706,13,138,43:59:24,1
707,13,139,03:57:24,2
708,13,141,04:06:32,2
709,13,142,03:27:00,2
710,13,143,01:41:58,1
711,13,146,00:16:37,1
712,13,147,00:19:06,2
713,13,148,01:40:05,1
714,13,149,00:00:19,1
715,14,52,03:41:49,3
716,14,53,01:25:48,2
717,14,54,01:57:06,1
718,14,55,01:34:45,1
719,14,56,01:35:54,1
720,14,57,05:53:48,3
721,14,58,01:26:55,1
722,14,59,00:26:05,1
723,14,61,03:14:25,3
724,14,63,13:34:49,3
725,14,64,01:31:34,1
726,14,66,01:41:29,1
727,14,67,10:50:11,1
728,14,68,01:27:58,1
729,14,69,04:05:28,2
730,14,70,01:26:12,1
731,14,71,03:24:58,2
732,14,73,16:47:09,4
733,14,75,01:36:07,1
734,14,78,01:30:48,1
735,14,81,04:10:04,2
736,14,82,02:51:26,2
737,14,84,01:44:27,2
738,14,85,00:06:02,1
739,14,86,00:32:37,1
740,14,87,01:43:24,1
741,14,88,03:27:31,2
742,14,89,03:26:09,1
743,14,90,01:27:25,1
744,14,92,03:22:14,4
745,14,94,01:54:20,1
746,14,96,09:13:53,4
747,14,97,03:10:41,2
748,14,98,01:38:20,1
749,14,99,05:35:09,1
750,14,103,01:25:36,1
751,14,104,01:25:38,1
752,14,105,01:10:09,2
753,14,106,00:01:11,1
754,14,107,11:32:24,1
755,14,108,02:08:43,1
756,14,109,03:41:12,2
757,14,111,04:42:32,3
758,14,112,00:05:12,1
759,14,113,04:25:32,1
760,14,114,02:24:28,2
761,14,115,01:36:13,1
762,14,121,01:37:24,2
763,14,122,02:00:20,1
764,14,123,16:15:21,2
765,14,124,01:59:49,1
766,14,125,01:27:13,1
767,14,126,00:06:41,1
768,14,127,19:15:41,3
769,14,130,00:42:35,1
770,14,131,01:39:49,1
771,14,132,01:31:51,2
772,14,133,17:37:06,2
773,14,134,04:51:01,3
774,14,135,00:21:52,1
775,14,137,03:05:57,2
776,14,138,02:14:39,2
777,14,140,02:56:20,2
778,14,142,01:37:54,2
779,14,143,01:27:50,1
780,14,144,05:17:15,2
781,14,145,00:26:55,1
782,14,146,32:30:08,2
783,14,148,11:13:55,2
784,14,149,03:25:18,2
785,14,150,03:44:23,2
786,15,51,00:00:00,2
787,15,53,00:00:00,1
788,15,54,00:00:00,2
789,15,58,03:20:52,2
790,15,60,00:00:00,1
791,15,63,02:37:51,2
792,15,66,00:22:38,3
793,15,67,00:00:00,1
794,15,70,00:26:30,1
795,15,71,02:07:06,2
796,15,73,01:19:49,1
797,15,75,14:20:51,2
798,15,79,02:18:40,1
799,15,80,04:48:33,2
800,15,81,00:00:00,1
801,15,83,00:00:00,1
802,15,84,02:10:06,2
803,15,85,00:00:00,1
804,15,87,20:32:25,1
805,15,88,00:00:00,1
806,15,90,00:00:56,1
807,15,92,16:58:49,3
808,15,93,12:31:30,3
809,15,94,00:31:31,2
810,15,95,19:44:28,3
811,15,96,01:27:56,1
812,15,97,02:24:11,2
813,15,101,02:07:39,1
814,15,103,00:00:00,1
815,15,104,14:34:51,1
816,15,106,48:50:10,2
817,15,107,00:00:00,1
818,15,108,18:15:02,2
819,15,110,05:05:31,1
820,15,113,02:51:04,2
821,15,115,00:00:00,2
822,15,117,00:00:00,1
823,15,120,00:00:00,1
824,15,121,01:29:03,3
825,15,123,00:00:00,1
826,15,124,00:31:16,1
827,15,127,01:17:40,1
828,15,130,15:38:31,1
829,15,131,00:00:00,1
830,15,132,00:00:00,1
831,15,134,01:31:24,1
832,15,135,00:30:00,2
833,15,136,00:00:00,3
834,15,137,09:09:26,3
835,15,142,15:06:48,2
836,15,143,02:55:34,1
837,15,144,02:01:39,3
838,15,146,00:00:00,1
839,15,147,25:11:14,4
840,15,148,01:58:43,1
841,15,149,00:00:00,1
842,15,150,01:37:20,3
843,16,52,00:00:00,1
844,16,53,00:07:34,1
845,16,54,00:00:00,1
846,16,55,01:16:15,1
847,16,56,30:34:36,2
848,16,58,10:36:06,4
849,16,60,07:30:49,2
850,16,61,00:00:00,1
851,16,62,18:02:11,1
852,16,64,00:29:07,2
853,16,66,04:28:54,1
854,16,69,11:39:07,3
855,16,70,00:00:00,1
856,16,73,07:47:45,1
857,16,74,19:27:28,2
858,16,75,30:46:35,2
859,16,79,77:37:37,1
860,16,80,00:52:58,1
861,16,81,00:00:00,1
862,16,83,11:17:57,1
863,16,85,12:53:07,2
864,16,86,03:40:29,2
865,16,87,10:11:51,1
866,16,88,11:19:56,1
867,16,89,00:00:00,1
868,16,90,02:06:29,2
869,16,91,01:03:24,1
870,16,93,19:55:31,2
871,16,96,00:00:00,1
872,16,98,01:03:34,2
873,16,101,58:34:43,1
874,16,102,09:32:19,1
875,16,104,00:36:55,3
876,16,107,22:10:36,2
877,16,109,00:00:00,2
878,16,111,08:40:31,3
879,16,112,18:40:02,1
880,16,113,07:45:53,1
881,16,115,00:12:38,1
882,16,116,21:49:59,1
883,16,117,07:53:35,1
884,16,119,06:48:50,2
885,16,120,01:53:53,1
886,16,121,00:47:50,1
887,16,122,00:00:00,1
888,16,123,00:00:00,1
889,16,124,00:00:00,1
890,16,125,00:00:00,2
891,16,126,48:31:58,2
892,16,127,10:01:08,2
893,16,129,00:00:00,1
894,16,130,22:26:02,1
895,16,131,09:10:31,1
896,16,133,00:00:00,1
897,16,134,00:57:42,2
898,16,135,16:33:04,2
899,16,136,38:16:06,1
900,16,139,33:23:59,2
901,16,144,31:26:34,2
902,16,145,18:12:22,1
903,16,146,85:36:58,2
904,16,147,18:23:50,3
905,16,148,03:02:34,3
906,16,150,01:21:50,2
907,17,51,00:04:57,1
908,17,54,00:20:58,2
909,17,57,01:03:46,1
910,17,60,00:49:17,2
911,17,64,00:00:45,1
912,17,65,00:02:37,2
913,17,66,00:02:45,1
914,17,67,00:18:49,1
915,17,70,00:00:31,1
916,17,71,00:00:34,1
917,17,75,00:04:21,2
918,17,78,00:28:53,1
919,17,80,00:07:00,1
920,17,84,00:01:13,1
921,17,86,01:59:35,2
922,17,87,19:01:26,1
923,17,88,00:03:43,2
924,17,93,00:00:39,1
925,17,94,02:05:41,1
926,17,102,00:12:24,1
927,17,106,02:09:34,2
928,17,111,00:24:21,1
929,17,112,00:01:41,1
930,17,114,02:30:00,1
931,17,115,01:54:15,1
932,17,119,00:22:47,1
933,17,120,03:51:32,1
934,17,121,00:01:47,1
935,17,122,42:12:42,2
936,17,127,00:03:40,1
937,17,129,01:59:06,1
938,17,131,00:00:31,1
939,17,132,00:00:47,1
940,17,133,01:59:51,1
941,17,135,00:14:52,2
942,17,137,02:13:51,1
943,17,142,00:02:08,2
944,17,145,00:01:30,1
945,17,146,02:18:47,2
946,18,51,00:20:00,1
947,18,56,00:00:00,1
948,18,60,60:17:43,2
949,18,62,00:21:24,1
950,18,66,00:00:00,1
951,18,69,00:00:00,1
952,18,74,00:08:22,1
953,18,84,00:00:00,1
954,18,85,00:09:45,1
955,18,87,00:00:00,1
956,18,90,02:22:13,1
957,18,91,00:09:50,1
958,18,94,00:50:36,2
959,18,102,00:00:00,2
960,18,104,00:00:00,1
961,18,105,00:00:00,1
962,18,107,00:00:00,2
963,18,112,00:00:00,1
964,18,113,00:00:00,1
965,18,119,49:42:01,1
966,18,123,00:00:00,1
967,18,125,00:00:00,1
968,18,132,00:10:00,1
969,18,136,00:00:00,1
970,18,148,00:00:00,1
971,18,149,00:00:00,1
972,19,52,05:03:28,1
973,19,54,19:15:44,4
974,19,55,02:02:09,1
975,19,56,-1:59:59,1
976,19,60,00:16:32,1
977,19,61,01:46:33,1
978,19,64,01:54:16,1
979,19,65,00:19:27,1
980,19,68,02:09:21,1
981,19,71,01:21:15,1
982,19,72,00:00:13,1
983,19,77,72:34:00,2
984,19,78,02:02:39,2
985,19,79,02:01:30,3
986,19,82,02:37:03,1
987,19,83,15:21:56,1
988,19,84,00:00:17,1
989,19,86,01:38:29,1
990,19,88,02:33:59,2
991,19,90,73:49:29,1
992,19,93,00:00:06,1
993,19,94,00:55:26,1
994,19,95,18:10:57,2
995,19,96,01:35:22,1
996,19,97,01:33:58,1
997,19,98,01:54:56,2
998,19,99,00:20:14,1
999,19,100,02:11:16,1
1000,19,101,04:51:20,3
1001,19,102,02:15:52,1
1002,19,103,00:03:02,1
1003,19,104,01:45:33,1
1004,19,106,19:00:10,1
1005,19,108,01:40:07,1
1006,19,109,02:09:35,1
1007,19,111,67:15:42,1
1008,19,114,27:48:04,2
1009,19,115,03:32:23,2
1010,19,116,03:41:34,1
1011,19,119,01:27:38,1
1012,19,121,01:40:09,1
1013,19,122,02:10:54,1
1014,19,123,01:10:59,2
1015,19,124,02:08:25,1
1016,19,125,03:42:08,2
1017,19,126,01:46:51,2
1018,19,127,01:37:53,1
1019,19,128,00:00:09,1
1020,19,129,27:09:34,3
1021,19,130,02:02:55,2
1022,19,131,22:44:19,1
1023,19,132,01:57:46,1
1024,19,133,02:04:09,1
1025,19,137,03:02:42,2
1026,19,138,24:23:03,1
1027,19,141,21:51:27,2
1028,19,144,00:00:07,1
1029,19,145,21:50:07,2
1030,19,146,01:50:14,1
1031,19,148,01:54:02,1
1032,19,149,03:50:16,3
1033,19,150,23:56:24,1
1034,20,52,00:00:00,1
1035,20,55,01:20:00,1
1036,20,58,00:00:00,1
1037,20,59,00:00:00,1
1038,20,61,02:00:01,2
1039,20,63,03:21:52,2
1040,20,64,00:00:00,2
1041,20,65,03:40:02,2
1042,20,67,00:08:23,3
1043,20,70,00:00:00,1
1044,20,71,02:00:00,1
1045,20,73,01:26:15,1
1046,20,74,02:12:18,1
1047,20,75,00:00:00,1
1048,20,76,00:00:00,2
1049,20,77,00:10:00,2
1050,20,80,00:00:00,1
1051,20,81,05:13:04,3
1052,20,82,00:00:00,1
1053,20,83,00:00:00,1
1054,20,86,00:10:00,1
1055,20,88,00:00:00,1
1056,20,89,00:00:00,2
1057,20,90,00:00:00,1
1058,20,94,00:00:00,1
1059,20,95,00:00:00,1
1060,20,96,02:40:01,2
1061,20,97,02:20:00,3
1062,20,98,00:00:00,2
1063,20,101,00:00:00,1
1064,20,102,01:30:01,1
1065,20,104,00:30:01,1
1066,20,105,00:00:00,1
1067,20,106,04:33:32,3
1068,20,108,00:00:00,1
1069,20,109,03:10:01,2
1070,20,115,02:00:00,1
1071,20,118,00:00:00,1
1072,20,119,01:20:01,2
1073,20,120,16:37:30,2
1074,20,121,00:00:00,1
1075,20,122,00:00:00,1
1076,20,124,04:30:01,1
1077,20,125,00:00:00,1
1078,20,126,01:40:00,1
1079,20,129,00:00:00,1
1080,20,130,00:00:00,1
1081,20,131,02:00:00,2
1082,20,135,00:00:00,2
1083,20,138,02:50:01,2
1084,20,140,03:16:34,1
1085,20,142,02:39:55,1
1086,20,143,00:59:31,1
1087,20,145,06:30:08,3
1088,20,146,00:00:00,1
1089,20,148,05:57:57,3
1090,20,149,00:00:00,1
1091,20,150,00:00:00,1
1092,21,52,01:22:33,2
1093,21,53,06:03:05,1
1094,21,58,03:23:59,2
1095,21,60,00:00:22,1
1096,21,61,01:45:57,1
1097,21,62,02:59:13,1
1098,21,65,02:11:05,1
1099,21,67,03:42:29,2
1100,21,71,04:57:27,2
1101,21,72,01:58:22,1
1102,21,73,02:05:52,1
1103,21,75,01:42:44,1
1104,21,76,07:39:07,1
1105,21,78,01:36:21,1
1106,21,79,00:00:03,1
1107,21,80,05:20:09,3
1108,21,81,01:27:21,2
1109,21,82,00:01:05,1
1110,21,84,01:47:42,1
1111,21,85,10:10:24,2
1112,21,86,06:00:00,1
1113,21,87,01:52:08,1
1114,21,90,01:05:40,1
1115,21,94,01:15:26,1
1116,21,96,03:48:44,2
1117,21,97,00:00:10,1
1118,21,98,01:40:00,1
1119,21,100,14:35:56,1
1120,21,103,03:55:22,2
1121,21,104,12:19:00,2
1122,21,105,03:52:32,2
1123,21,106,07:41:03,4
1124,21,108,01:23:46,1
1125,21,109,06:33:53,2
1126,21,111,13:26:09,1
1127,21,112,02:34:06,1
1128,21,113,03:34:58,3
1129,21,115,04:03:51,1
1130,21,119,01:34:32,2
1131,21,121,00:00:30,2
1132,21,123,01:44:12,1
1133,21,124,00:14:09,1
1134,21,125,06:50:21,3
1135,21,127,03:17:42,2
1136,21,128,01:53:18,2
1137,21,129,06:24:16,1
1138,21,131,14:55:25,3
1139,21,132,09:36:04,2
1140,21,133,03:30:00,2
1141,21,134,01:56:47,1
1142,21,135,13:51:39,1
1143,21,136,01:19:48,1
1144,21,137,08:04:39,2
1145,21,138,16:30:51,4
1146,21,139,10:41:20,4
1147,21,141,01:24:27,1
1148,21,142,01:49:57,1
1149,21,143,06:24:27,3
1150,21,144,01:50:19,1
1151,21,145,00:00:12,1
1152,21,146,06:15:49,4
1153,21,147,02:14:39,2
1154,21,148,06:27:11,3
1155,21,150,05:32:42,2
1156,22,51,00:44:51,2
1157,22,55,00:04:21,2
1158,22,56,00:03:55,1
1159,22,57,00:58:36,1
1160,22,59,01:25:53,1
1161,22,61,00:05:41,2
1162,22,62,00:06:13,1
1163,22,64,00:03:55,1
1164,22,66,02:46:53,1
1165,22,67,01:42:54,1
1166,22,70,00:04:55,1
1167,22,72,00:01:41,1
1168,22,74,00:05:31,1
1169,22,75,01:38:21,2
1170,22,76,00:01:12,1
1171,22,77,01:03:46,1
1172,22,78,01:57:52,2
1173,22,79,00:49:40,3
1174,22,80,01:51:53,1
1175,22,81,01:42:18,2
1176,22,83,00:05:12,1
1177,22,85,00:55:52,2
1178,22,88,00:05:23,1
1179,22,89,00:30:30,1
1180,22,90,00:05:00,1
1181,22,91,01:33:17,2
1182,22,92,01:16:20,1
1183,22,93,19:57:06,2
1184,22,97,00:57:27,1
1185,22,99,02:48:57,2
1186,22,101,00:04:17,1
1187,22,103,00:30:58,1
1188,22,104,01:55:14,2
1189,22,105,16:53:50,3
1190,22,106,02:35:11,3
1191,22,107,00:00:08,1
1192,22,109,00:00:25,1
1193,22,110,00:00:44,1
1194,22,113,02:59:40,1
1195,22,117,00:18:43,1
1196,22,118,02:59:55,2
1197,22,119,00:16:35,1
1198,22,122,00:14:55,1
1199,22,123,00:07:00,2
1200,22,128,00:05:21,2
1201,22,129,00:11:41,1
1202,22,131,00:03:02,2
1203,22,135,00:52:49,2
1204,22,136,00:04:57,1
1205,22,137,01:11:52,1
1206,22,138,00:33:26,1
1207,22,140,00:11:56,2
1208,22,141,20:49:43,3
1209,22,145,03:14:15,3
1210,22,147,05:15:42,3
1211,22,148,00:01:15,1
1212,22,149,00:42:25,1
1213,23,54,01:40:10,1
1214,23,55,02:13:35,1
1215,23,56,01:30:36,1
1216,23,57,20:12:32,1
1217,23,58,01:32:37,1
1218,23,59,02:11:07,1
1219,23,60,03:30:16,2
1220,23,61,03:52:39,1
1221,23,62,03:38:18,4
1222,23,63,01:25:09,1
1223,23,65,05:38:30,4
1224,23,66,03:49:37,2
1225,23,67,18:43:14,1
1226,23,70,30:54:23,1
1227,23,74,00:00:57,1
1228,23,76,02:06:32,1
1229,23,77,01:27:53,1
1230,23,78,01:30:23,1
1231,23,79,00:42:57,1
1232,23,85,05:00:39,3
1233,23,86,04:56:55,3
1234,23,87,18:56:04,2
1235,23,92,01:31:02,1
1236,23,99,02:55:09,2
1237,23,103,01:43:31,1
1238,23,104,25:27:04,2
1239,23,106,23:54:35,3
1240,23,108,02:11:20,1
1241,23,110,03:40:07,2
1242,23,112,14:47:45,1
1243,23,116,02:09:22,1
1244,23,117,02:22:29,1
1245,23,120,02:20:35,1
1246,23,121,01:26:04,1
1247,23,123,03:17:06,2
1248,23,124,27:41:57,3
1249,23,125,05:23:31,2
1250,23,126,05:52:53,3
1251,23,127,02:39:23,2
1252,23,128,01:53:05,1
1253,23,129,01:25:49,1
1254,23,131,03:54:57,1
1255,23,133,00:01:27,1
1256,23,134,05:10:44,2
1257,23,137,29:29:42,3
1258,23,139,00:28:52,2
1259,23,140,01:48:47,1
1260,23,142,02:38:33,1
1261,23,143,01:38:29,1
1262,23,144,00:01:07,1
1263,23,145,01:37:10,1
1264,23,146,00:00:19,1
1265,23,147,30:19:48,4
1266,23,148,01:18:45,1
1267,23,149,01:41:16,1
1268,24,51,06:31:27,1
1269,24,52,-1:59:59,1
1270,24,53,00:00:33,1
1271,24,55,01:58:22,2
1272,24,56,00:46:06,1
1273,24,60,20:28:44,2
1274,24,61,54:59:20,2
1275,24,65,00:01:23,1
1276,24,66,20:24:47,2
1277,24,67,01:03:56,1
1278,24,70,19:35:33,1
1279,24,71,01:29:12,2
1280,24,73,01:47:42,3
1281,24,75,05:06:26,2
1282,24,76,01:39:39,1
1283,24,79,00:00:09,1
1284,24,82,02:05:31,2
1285,24,83,02:07:28,1
1286,24,84,19:17:12,1
1287,24,85,40:04:09,1
1288,24,86,00:48:28,1
1289,24,89,43:46:49,2
1290,24,90,00:24:39,1
1291,24,91,00:21:46,1
1292,24,95,00:31:30,2
1293,24,97,21:37:39,1
1294,24,98,01:15:57,1
1295,24,100,19:26:58,1
1296,24,101,19:16:03,1
1297,24,102,00:10:08,1
1298,24,107,00:24:16,1
1299,24,109,72:35:23,1
1300,24,110,01:40:33,2
1301,24,115,01:59:57,1
1302,24,116,00:03:02,1
1303,24,117,01:13:10,1
1304,24,119,39:40:06,1
1305,24,120,01:28:19,1
1306,24,122,02:45:58,2
1307,24,123,02:03:29,2
1308,24,124,01:53:14,1
1309,24,125,00:46:54,1
1310,24,126,10:00:43,2
1311,24,127,20:10:49,2
1312,24,128,40:55:39,1
1313,24,129,40:36:15,1
1314,24,132,19:24:34,1
1315,24,133,10:32:16,1
1316,24,135,25:27:11,3
1317,24,136,01:14:57,1
1318,24,138,00:00:29,1
1319,24,139,00:06:13,2
1320,24,140,13:00:18,2
1321,24,141,19:51:33,1
1322,24,144,57:39:16,2
1323,24,148,01:08:38,1
1324,24,149,01:24:11,1
1325,25,54,00:18:18,1
1326,25,57,03:37:43,2
1327,25,61,03:32:15,4
1328,25,62,00:31:30,2
1329,25,63,00:07:41,1
1330,25,65,00:11:15,2
1331,25,68,01:50:45,2
1332,25,69,00:00:03,1
1333,25,70,16:16:50,2
1334,25,72,02:10:18,3
1335,25,74,00:51:57,1
1336,25,78,15:05:04,1
1337,25,79,00:19:15,3
1338,25,80,00:40:22,4
1339,25,81,00:05:13,2
1340,25,82,03:55:33,3
1341,25,83,00:01:02,1
1342,25,86,00:02:26,1
1343,25,89,01:10:08,2
1344,25,91,01:21:09,1
1345,25,92,02:32:48,2
1346,25,94,01:17:12,1
1347,25,95,00:00:58,1
1348,25,98,00:06:06,2
1349,25,99,02:37:59,1
1350,25,100,00:55:30,2
1351,25,102,00:00:09,1
1352,25,103,00:02:11,1
1353,25,104,00:30:34,1
1354,25,105,01:46:49,3
1355,25,107,02:25:54,2
1356,25,108,00:05:30,1
1357,25,109,00:02:21,1
1358,25,110,01:04:21,2
1359,25,113,02:17:45,1
1360,25,116,15:17:37,1
1361,25,117,01:47:46,2
1362,25,118,00:46:33,2
1363,25,119,00:36:29,2
1364,25,121,02:19:37,1
1365,25,123,00:01:29,1
1366,25,124,02:00:42,1
1367,25,126,00:01:08,1
1368,25,128,00:28:41,1
1369,25,129,01:31:49,3
1370,25,131,01:47:38,3
1371,25,132,00:07:08,2
1372,25,133,00:00:50,1
1373,25,134,01:03:05,1
1374,25,136,00:49:48,1
1375,25,137,01:35:18,2
1376,25,139,01:23:09,1
1377,25,140,00:03:33,2
1378,25,141,00:01:08,1
1379,25,142,00:17:49,1
1380,25,145,00:00:22,1
1381,25,146,00:08:06,1
1382,25,148,03:18:21,4
1383,25,149,00:04:05,1
1384,26,52,00:00:00,1
1385,26,53,00:00:00,1
1386,26,54,01:30:00,2
1387,26,55,00:10:01,1
1388,26,57,15:29:14,1
1389,26,58,00:00:00,1
1390,26,60,00:00:00,2
1391,26,61,00:00:00,1
1392,26,65,00:00:00,1
1393,26,66,00:32:59,1
1394,26,67,00:00:00,1
1395,26,68,23:33:29,1
1396,26,69,00:00:00,1
1397,26,71,03:04:29,3
1398,26,73,46:48:00,1
1399,26,79,01:37:45,1
1400,26,80,39:28:42,3
1401,26,81,00:00:00,1
1402,26,82,02:00:00,1
1403,26,84,01:31:22,1
1404,26,85,02:52:42,1
1405,26,86,00:00:00,1
1406,26,87,47:17:43,2
1407,26,91,00:00:00,2
1408,26,93,71:57:55,3
1409,26,94,03:14:39,2
1410,26,98,46:48:29,2
1411,26,102,00:28:49,2
1412,26,105,02:35:33,2
1413,26,107,00:00:00,1
1414,26,109,02:13:28,1
1415,26,110,00:10:39,1
1416,26,113,00:40:11,2
1417,26,115,43:31:01,1
1418,26,116,00:00:00,2
1419,26,118,00:00:00,1
1420,26,124,17:22:29,2
1421,26,125,188:18:30,1
1422,26,126,01:26:41,1
1423,26,127,04:30:36,2
1424,26,128,00:00:00,2
1425,26,131,00:29:59,2
1426,26,132,00:00:00,1
1427,26,135,00:00:00,2
1428,26,137,43:50:08,1
1429,26,138,00:00:00,1
1430,26,142,10:21:28,3
1431,26,144,15:47:21,1
1432,26,145,01:00:35,2
1433,26,146,00:00:00,1
1434,26,148,01:06:02,2
1435,26,150,00:50:00,2
1436,27,62,00:00:00,1
1437,27,77,70:50:44,1
1438,27,98,01:59:48,1
1439,27,106,18:49:29,1
1440,27,133,25:04:31,2
1441,28,56,02:10:24,3
1442,28,58,02:58:19,1
1443,28,59,20:41:13,1
1444,28,60,01:00:00,2
1445,28,62,00:00:00,1
1446,28,63,14:31:19,2
1447,28,64,00:00:00,1
1448,28,66,05:47:06,1
1449,28,67,00:00:00,1
1450,28,68,48:04:14,2
1451,28,69,00:14:10,1
1452,28,70,00:11:49,1
1453,28,71,00:00:00,1
1454,28,75,02:50:00,3
1455,28,80,01:37:19,2
1456,28,82,00:00:00,1
1457,28,87,08:35:40,1
1458,28,88,00:16:46,1
1459,28,89,15:33:06,1
1460,28,90,00:00:00,2
1461,28,94,03:47:46,3
1462,28,96,01:30:00,1
1463,28,98,48:27:45,1
1464,28,99,00:46:56,1
1465,28,102,03:34:31,3
1466,28,105,00:00:00,1
1467,28,106,01:07:10,1
1468,28,107,00:00:00,1
1469,28,111,00:00:00,2
1470,28,112,40:02:21,2
1471,28,113,00:10:40,2
1472,28,114,00:34:17,2
1473,28,115,04:39:15,1
1474,28,116,04:58:30,1
1475,28,119,11:24:15,2
1476,28,120,00:00:00,1
1477,28,121,01:00:15,1
1478,28,122,25:27:44,1
1479,28,125,03:54:37,1
1480,28,131,44:38:42,1
1481,28,134,00:00:00,1
1482,28,137,01:18:13,1
1483,28,138,00:59:12,1
1484,28,141,42:05:51,1
1485,28,142,01:16:02,2
1486,28,146,00:00:00,1
1487,28,148,00:00:00,1
1488,28,149,00:00:00,1
1489,28,150,00:00:00,1
1490,29,51,00:10:00,1
1491,29,54,02:52:03,2
1492,29,55,00:00:00,1
1493,29,56,00:00:00,1
1494,29,57,04:13:11,2
1495,29,62,01:44:46,1
1496,29,64,00:00:00,2
1497,29,67,00:37:26,1
1498,29,69,19:00:53,1
1499,29,70,00:05:55,1
1500,29,72,00:15:32,1
1501,29,73,00:00:00,1
1502,29,75,01:14:29,1
1503,29,77,01:30:10,1
1504,29,78,38:03:09,2
1505,29,79,00:53:20,1
1506,29,81,01:22:10,1
1507,29,82,00:00:00,1
1508,29,83,19:39:26,1
1509,29,87,00:28:25,1
1510,29,91,01:58:35,1
1511,29,92,01:21:09,2
1512,29,93,01:29:50,1
1513,29,94,01:15:07,1
1514,29,99,433:54:25,2
1515,29,102,01:45:58,2
1516,29,106,02:00:46,1
1517,29,107,00:53:24,2
1518,29,108,00:00:00,1
1519,29,109,02:49:39,3
1520,29,110,03:14:52,3
1521,29,113,41:57:58,1
1522,29,115,00:25:41,1
1523,29,117,00:02:06,2
1524,29,118,140:12:39,1
1525,29,119,00:00:00,1
1526,29,120,01:40:25,1
1527,29,122,00:48:08,3
1528,29,124,00:09:18,2
1529,29,125,00:20:00,1
1530,29,126,00:00:00,1
1531,29,127,00:00:00,1
1532,29,128,28:08:59,1
1533,29,129,00:26:32,3
1534,29,130,02:40:02,2
1535,29,131,00:00:00,1
1536,29,133,03:35:39,1
1537,29,134,02:20:00,1
1538,29,139,00:00:00,1
1539,29,141,66:52:05,3
1540,29,142,03:29:13,1
1541,29,143,267:25:55,1
1542,29,144,00:00:00,1
1543,29,147,01:26:20,2
1544,29,148,00:00:00,1
1545,29,149,04:26:00,6
1546,30,56,00:00:00,1
1547,30,65,00:00:52,1
1548,30,66,46:46:14,1
1549,30,69,45:46:09,1
1550,30,71,00:00:00,1
1551,30,75,17:18:38,1
1552,30,81,22:06:39,1
1553,30,85,00:00:00,1
1554,30,91,00:00:00,1
1555,30,96,46:48:06,1
1556,30,97,02:10:31,2
1557,30,99,03:26:57,1
1558,30,101,13:42:02,1
1559,30,102,17:53:51,1
1560,30,103,22:18:35,1
1561,30,110,43:37:41,2
1562,30,118,00:28:00,1
1563,30,119,00:29:56,1
1564,30,120,19:04:03,1
1565,30,122,00:00:00,1
1566,30,125,93:00:32,1
1567,30,128,00:00:00,1
1568,30,132,04:33:09,1
1569,30,134,28:51:43,1
1570,30,135,23:13:40,2
1571,30,139,145:27:07,2
1572,30,140,00:29:58,1
1573,30,143,25:35:07,1
1574,30,145,42:22:59,1
1575,31,51,01:57:20,1
1576,31,53,00:11:31,1
1577,31,55,00:39:19,3
1578,31,56,01:40:20,1
1579,31,57,00:37:41,1
1580,31,59,03:52:32,3
1581,31,61,00:37:28,1
1582,31,62,00:29:37,1
1583,31,63,00:00:16,1
1584,31,64,20:24:56,1
1585,31,65,00:00:22,1
1586,31,68,22:17:06,1
1587,31,70,00:07:08,2
1588,31,71,00:01:50,1
1589,31,76,00:00:55,1
1590,31,78,26:41:03,1
1591,31,79,00:09:30,1
1592,31,81,00:00:56,1
1593,31,82,00:01:01,2
1594,31,83,00:03:14,1
1595,31,84,02:09:22,1
1596,31,85,00:05:37,1
1597,31,86,02:49:06,2
1598,31,88,00:00:45,1
1599,31,89,00:00:07,1
1600,31,90,24:07:30,1
1601,31,91,00:00:56,1
1602,31,99,00:14:17,1
1603,31,103,00:00:57,1
1604,31,104,05:18:04,1
1605,31,105,00:12:14,1
1606,31,106,01:13:11,2
1607,31,108,00:02:57,3
1608,31,109,05:42:52,2
1609,31,110,22:23:29,1
1610,31,111,00:06:16,4
1611,31,112,00:00:25,1
1612,31,113,24:11:21,1
1613,31,115,02:41:53,3
1614,31,117,00:00:07,1
1615,31,118,17:27:28,4
1616,31,119,00:00:53,1
1617,31,120,01:42:02,1
1618,31,121,00:06:22,2
1619,31,127,00:05:23,1
1620,31,128,73:42:50,4
1621,31,129,00:24:37,1
1622,31,130,23:37:23,5
1623,31,131,00:11:00,1
1624,31,133,00:07:14,1
1625,31,134,23:32:54,3
1626,31,135,05:55:39,5
1627,31,136,00:00:58,1
1628,31,137,75:21:54,3
1629,31,140,22:10:18,2
1630,31,145,00:04:28,1
1631,31,146,00:01:41,1
1632,31,148,00:03:20,1
1633,31,149,18:51:04,3
1634,32,52,00:00:00,1
1635,32,55,00:00:00,2
1636,32,57,00:00:00,1
1637,32,58,00:12:48,2
1638,32,59,04:19:36,1
1639,32,60,02:10:00,1
1640,32,61,00:00:00,2
1641,32,62,00:00:00,3
1642,32,64,00:02:26,1
1643,32,67,00:06:23,1
1644,32,69,00:09:54,2
1645,32,70,00:00:00,1
1646,32,71,00:00:00,1
1647,32,72,03:52:47,1
1648,32,73,00:00:00,2
1649,32,76,00:00:00,1
1650,32,79,00:01:08,1
1651,32,80,00:08:59,1
1652,32,82,00:00:00,2
1653,32,83,00:00:00,1
1654,32,85,02:14:06,2
1655,32,86,01:40:08,2
1656,32,87,00:20:00,3
1657,32,89,07:14:57,2
1658,32,91,00:01:40,1
1659,32,92,01:21:14,2
1660,32,93,00:00:00,1
1661,32,94,00:00:00,1
1662,32,96,00:10:01,2
1663,32,98,00:00:00,2
1664,32,99,00:00:00,3
1665,32,103,00:00:10,1
1666,32,104,00:08:33,1
1667,32,105,14:07:33,2
1668,32,107,00:14:36,1
1669,32,109,01:17:41,1
1670,32,110,00:13:12,2
1671,32,113,01:13:45,2
1672,32,114,00:00:00,2
1673,32,115,121:48:37,1
1674,32,116,00:00:00,1
1675,32,118,02:06:24,1
1676,32,119,01:53:02,1
1677,32,120,00:00:00,1
1678,32,122,00:00:00,2
1679,32,123,00:00:00,1
1680,32,125,00:00:00,2
1681,32,127,00:00:00,1
1682,32,128,00:00:00,1
1683,32,134,00:00:00,1
1684,32,135,07:53:35,2
1685,32,137,00:00:00,1
1686,32,138,00:02:56,2
1687,32,139,00:11:50,1
1688,32,140,00:00:00,1
1689,32,141,00:01:33,1
1690,32,143,00:00:00,1
1691,32,147,00:02:48,1
1692,33,52,01:23:51,1
1693,33,54,09:10:15,2
1694,33,56,00:52:08,2
1695,33,57,06:47:11,1
1696,33,58,18:19:32,2
1697,33,61,02:39:15,2
1698,33,62,00:44:45,1
1699,33,65,00:25:56,1
1700,33,66,00:09:59,1
1701,33,67,00:00:00,1
1702,33,69,02:12:16,3
1703,33,70,19:08:16,1
1704,33,71,01:01:45,1
1705,33,72,22:58:29,2
1706,33,73,01:06:15,1
1707,33,74,02:46:34,2
1708,33,76,00:00:00,1
1709,33,79,21:57:45,1
1710,33,82,19:50:49,1
1711,33,85,04:20:06,2
1712,33,87,00:00:38,1
1713,33,88,00:38:09,2
1714,33,89,00:48:11,1
1715,33,90,02:50:54,1
1716,33,91,01:35:15,3
1717,33,92,00:04:27,2
1718,33,93,02:31:45,2
1719,33,98,37:44:24,1
1720,33,103,03:26:55,2
1721,33,104,01:01:32,1
1722,33,107,24:27:04,1
1723,33,109,31:45:22,2
1724,33,111,00:01:21,1
1725,33,112,01:51:55,1
1726,33,115,01:37:41,1
1727,33,117,21:37:52,1
1728,33,118,15:20:45,1
1729,33,120,00:00:00,1
1730,33,121,00:46:49,3
1731,33,123,02:53:00,2
1732,33,124,01:26:01,1
1733,33,125,14:26:44,2
1734,33,127,03:37:43,1
1735,33,130,19:37:08,2
1736,33,133,00:00:00,1
1737,33,134,01:15:37,2
1738,33,135,02:24:49,1
1739,33,138,00:00:00,2
1740,33,141,03:57:36,1
1741,33,147,06:33:01,3
1742,33,148,00:31:54,1
1743,34,52,01:57:03,1
1744,34,57,03:07:02,1
1745,34,60,34:30:17,2
1746,34,61,00:08:05,1
1747,34,63,02:40:43,2
1748,34,65,02:09:22,4
1749,34,72,07:33:15,1
1750,34,75,01:26:08,1
1751,34,76,00:15:16,1
1752,34,77,01:49:40,1
1753,34,78,-1:59:59,1
1754,34,79,20:47:06,1
1755,34,80,52:08:11,3
1756,34,81,18:54:33,1
1757,34,83,00:37:09,1
1758,34,85,00:18:59,1
1759,34,86,03:52:15,2
1760,34,87,20:55:34,1
1761,34,89,01:39:34,2
1762,34,93,00:00:08,1
1763,34,95,108:09:52,2
1764,34,96,27:37:53,1
1765,34,98,05:37:18,1
1766,34,99,01:05:03,2
1767,34,100,00:13:06,1
1768,34,102,12:21:55,1
1769,34,103,08:26:37,1
1770,34,104,00:32:44,1
1771,34,105,02:45:45,1
1772,34,106,09:36:34,1
1773,34,109,04:42:50,3
1774,34,110,27:20:00,4
1775,34,111,01:40:35,1
1776,34,115,00:37:48,1
1777,34,116,03:03:22,1
1778,34,118,03:22:29,1
1779,34,119,03:43:01,1
1780,34,121,00:10:44,1
1781,34,123,09:25:35,1
1782,34,125,00:00:10,1
1783,34,127,24:35:32,2
1784,34,128,01:31:35,2
1785,34,130,00:15:12,1
1786,34,131,01:21:51,1
1787,34,132,08:17:10,2
1788,34,133,00:16:13,1
1789,34,135,00:00:27,1
1790,34,137,00:17:51,1
1791,34,138,112:15:35,1
1792,34,139,02:37:37,1
1793,34,142,04:53:57,1
1794,34,145,06:17:27,3
1795,34,149,00:24:57,1
1796,35,51,00:00:00,1
1797,35,52,00:00:00,1
1798,35,54,00:00:00,1
1799,35,55,64:56:02,2
1800,35,59,01:30:00,3
1801,35,62,22:31:53,1
1802,35,63,00:10:00,1
1803,35,69,00:00:57,1
1804,35,72,00:03:30,1
1805,35,73,00:00:00,1
1806,35,74,-1:59:59,1
1807,35,79,00:36:15,1
1808,35,80,00:58:47,1
1809,35,81,68:13:40,2
1810,35,84,00:00:00,1
1811,35,85,00:00:00,1
1812,35,86,04:50:10,1
1813,35,87,00:00:00,1
1814,35,90,16:42:04,1
1815,35,91,00:20:00,1
1816,35,94,00:00:00,1
1817,35,96,00:06:42,1
1818,35,99,00:50:52,3
1819,35,100,00:00:00,1
1820,35,105,13:46:57,2
1821,35,107,80:55:38,1
1822,35,108,00:00:00,1
1823,35,109,24:29:05,2
1824,35,110,06:31:42,1
1825,35,112,00:06:52,2
1826,35,113,00:00:00,1
1827,35,115,01:36:54,1
1828,35,118,00:00:21,1
1829,35,119,00:00:00,1
1830,35,120,01:25:55,2
1831,35,125,47:57:15,1
1832,35,126,00:02:38,1
1833,35,131,00:00:00,1
1834,35,132,00:01:26,2
1835,35,133,04:47:43,1
1836,35,134,00:00:00,2
1837,35,136,00:00:00,1
1838,35,137,01:55:38,1
1839,35,138,00:00:39,1
1840,35,139,00:00:00,1
1841,35,140,00:03:57,3
1842,35,142,00:00:00,2
1843,35,143,00:00:00,1
1844,35,146,01:20:00,3
1845,35,148,58:20:52,2
1846,35,150,00:09:17,3
1847,36,52,00:00:00,1
1848,36,55,00:23:34,2
1849,36,56,00:00:00,1
1850,36,58,00:07:10,1
1851,36,61,00:09:39,1
1852,36,63,00:00:00,1
1853,36,64,00:00:00,1
1854,36,71,00:00:00,1
1855,36,72,00:00:00,1
1856,36,73,00:08:09,1
1857,36,78,00:00:00,2
1858,36,79,00:03:26,1
1859,36,85,00:16:33,1
1860,36,87,00:00:00,1
1861,36,88,00:00:00,1
1862,36,91,00:00:00,1
1863,36,95,00:00:00,1
1864,36,97,00:00:00,1
1865,36,98,00:19:59,1
1866,36,101,00:00:00,1
1867,36,105,20:34:45,2
1868,36,111,00:00:00,1
1869,36,115,44:54:02,1
1870,36,117,00:10:00,1
1871,36,119,00:00:00,1
1872,36,120,00:10:00,1
1873,36,121,02:56:03,2
1874,36,124,00:00:00,1
1875,36,128,00:00:00,1
1876,36,132,00:00:00,2
1877,36,133,00:10:00,1
1878,36,137,00:27:35,2
1879,36,141,00:00:00,1
1880,36,145,205:48:33,1
1881,36,146,00:00:00,1
1882,36,147,00:00:00,1
1883,36,148,121:49:46,1
1884,37,51,03:18:48,1
1885,37,56,02:05:42,1
1886,37,58,00:00:20,1
1887,37,59,26:22:04,1
1888,37,61,03:57:33,1
1889,37,64,02:21:37,2
1890,37,65,15:27:33,2
1891,37,71,02:58:49,1
1892,37,72,00:00:08,1
1893,37,73,02:33:00,1
1894,37,74,22:27:33,2
1895,37,75,03:50:01,2
1896,37,78,21:40:55,3
1897,37,79,02:10:03,1
1898,37,80,00:18:37,1
1899,37,84,00:00:38,1
1900,37,85,04:55:00,3
1901,37,86,03:15:59,1
1902,37,88,06:56:42,2
1903,37,89,17:27:25,1
1904,37,90,16:59:25,1
1905,37,91,16:27:24,1
1906,37,93,01:58:01,2
1907,37,94,02:06:27,1
1908,37,101,00:06:13,1
1909,37,108,21:46:55,1
1910,37,110,00:00:17,1
1911,37,111,44:55:59,1
1912,37,112,00:00:18,1
1913,37,114,23:53:38,2
1914,37,115,01:49:34,1
1915,37,116,12:52:32,1
1916,37,118,00:08:33,1
1917,37,121,19:46:45,2
1918,37,122,06:45:20,2
1919,37,123,03:45:03,1
1920,37,126,00:00:57,2
1921,37,130,20:36:14,2
1922,37,131,28:12:02,1
1923,37,133,06:27:43,2
1924,37,134,01:50:34,1
1925,37,137,01:49:31,1
1926,37,138,01:01:08,2
1927,37,139,20:08:15,1
1928,37,143,05:08:31,2
1929,37,144,22:46:13,1
1930,37,145,16:19:33,1
1931,37,146,00:00:12,1
1932,37,147,04:22:12,1
1933,37,148,00:18:19,1
1934,37,149,00:28:21,1
1935,37,150,00:00:14,1
1936,38,55,00:00:00,1
1937,38,56,03:00:01,2
1938,38,59,00:10:01,2
1939,38,60,02:05:58,1
1940,38,61,00:00:00,1
1941,38,62,00:00:00,2
1942,38,63,00:10:00,1
1943,38,68,03:10:01,2
1944,38,74,03:21:30,1
1945,38,76,00:07:19,1
1946,38,78,02:06:34,2
1947,38,79,03:00:00,3
1948,38,80,02:20:01,1
1949,38,82,00:00:00,1
1950,38,83,00:10:00,1
1951,38,86,00:20:00,3
1952,38,90,00:00:00,1
1953,38,91,01:10:00,1
1954,38,92,02:34:54,1
1955,38,94,02:20:00,2
1956,38,99,00:00:00,1
1957,38,102,00:00:00,1
1958,38,104,00:10:00,2
1959,38,106,00:39:55,2
1960,38,107,00:00:00,1
1961,38,109,04:37:24,2
1962,38,111,00:00:00,1
1963,38,112,00:00:00,1
1964,38,113,00:00:00,1
1965,38,115,00:20:00,2
1966,38,116,02:30:02,3
1967,38,117,02:41:55,1
1968,38,118,02:00:02,1
1969,38,119,06:34:13,1
1970,38,121,00:00:00,2
1971,38,125,00:04:34,2
1972,38,127,00:00:00,1
1973,38,128,00:00:00,1
1974,38,130,03:40:02,1
1975,38,132,00:00:00,1
1976,38,134,00:00:00,2
1977,38,136,01:54:47,3
1978,38,137,00:00:00,3
1979,38,138,00:00:00,1
1980,38,139,00:00:00,1
1981,38,140,00:00:00,1
1982,38,141,00:00:00,1
1983,38,142,14:41:33,1
1984,38,143,00:00:00,1
1985,38,146,00:00:00,1
1986,38,147,00:39:59,1
1987,39,52,02:04:52,2
1988,39,54,02:31:51,1
1989,39,57,00:00:00,1
1990,39,58,02:49:10,1
1991,39,59,12:34:27,1
1992,39,60,15:53:35,2
1993,39,62,00:00:00,1
1994,39,63,00:00:00,3
1995,39,64,19:46:07,2
1996,39,70,02:53:12,1
1997,39,71,00:00:00,1
1998,39,72,00:00:00,1
1999,39,75,00:00:00,1
2000,39,79,18:53:27,1
2001,39,81,11:28:41,1
2002,39,87,25:39:59,1
2003,39,88,00:04:24,1
2004,39,94,04:03:49,1
2005,39,95,00:00:00,1
2006,39,103,00:00:00,1
2007,39,105,04:24:16,2
2008,39,106,00:00:00,1
2009,39,107,03:36:16,3
2010,39,109,00:00:00,1
2011,39,110,11:26:01,1
2012,39,111,25:57:43,1
2013,39,112,03:41:58,1
2014,39,115,00:00:00,1
2015,39,119,147:22:04,1
2016,39,121,23:47:25,1
2017,39,122,18:31:49,1
2018,39,123,00:00:00,1
2019,39,124,20:53:02,1
2020,39,125,00:00:00,1
2021,39,128,00:00:00,1
2022,39,129,00:00:00,1
2023,39,130,00:00:00,1
2024,39,131,00:00:00,1
2025,39,134,00:00:00,1
2026,39,136,00:00:00,1
2027,39,139,00:00:00,1
2028,39,140,00:00:00,1
2029,39,142,01:54:41,1
2030,39,146,00:00:00,1
2031,39,148,09:07:32,1
2032,40,52,46:10:46,1
2033,40,54,00:02:47,2
2034,40,55,01:37:53,1
2035,40,59,02:12:59,2
2036,40,60,00:02:16,1
2037,40,63,00:17:47,1
2038,40,64,01:46:40,2
2039,40,65,00:01:48,1
2040,40,69,00:23:48,2
2041,40,70,00:02:08,1
2042,40,71,13:17:42,2
2043,40,72,02:15:58,1
2044,40,76,58:27:40,1
2045,40,78,04:11:03,2
2046,40,79,00:01:11,2
2047,40,80,01:08:23,2
2048,40,81,00:01:14,1
2049,40,83,23:24:48,2
2050,40,84,00:00:06,1
2051,40,85,17:46:27,2
2052,40,87,05:28:15,2
2053,40,90,00:01:24,1
2054,40,91,00:00:50,1
2055,40,93,00:14:51,3
2056,40,100,00:05:45,1
2057,40,103,00:03:31,1
2058,40,105,15:30:53,3
2059,40,107,06:38:50,1
2060,40,113,08:45:10,2
2061,40,115,00:08:55,1
2062,40,116,08:16:42,1
2063,40,118,15:00:10,1
2064,40,120,14:06:20,1
2065,40,121,00:13:02,1
2066,40,122,160:38:33,1
2067,40,123,25:02:05,1
2068,40,124,05:09:28,1
2069,40,125,00:21:39,2
2070,40,126,01:08:15,1
2071,40,128,40:39:54,1
2072,40,132,00:01:31,1
2073,40,135,00:20:33,2
2074,40,136,00:04:44,1
2075,40,137,01:08:15,4
2076,40,138,02:10:51,1
2077,40,139,03:38:06,2
2078,40,141,00:26:05,1
2079,40,146,00:04:52,1
2080,40,149,02:00:14,1
2081,41,51,04:37:00,1
2082,41,52,00:23:20,1
2083,41,53,34:33:35,2
2084,41,56,00:02:41,2
2085,41,59,03:56:33,2
2086,41,60,15:03:40,2
2087,41,62,04:45:46,2
2088,41,63,00:02:26,1
2089,41,67,14:30:19,1
2090,41,68,20:18:31,1
2091,41,69,00:15:54,1
2092,41,70,32:49:23,1
2093,41,71,01:39:21,1
2094,41,73,04:59:05,2
2095,41,75,02:32:40,1
2096,41,76,20:53:27,2
2097,41,78,01:52:33,1
2098,41,80,00:20:12,1
2099,41,81,02:09:16,2
2100,41,84,00:15:47,1
2101,41,85,07:18:38,2
2102,41,86,02:18:19,1
2103,41,93,02:01:55,1
2104,41,96,01:27:36,1
2105,41,97,10:17:28,1
2106,41,98,02:21:58,1
2107,41,100,00:11:32,2
2108,41,102,00:21:21,1
2109,41,103,18:45:11,1
2110,41,104,00:04:33,1
2111,41,106,02:22:39,2
2112,41,107,00:56:18,1
2113,41,108,11:50:47,2
2114,41,109,01:56:42,1
2115,41,111,01:57:07,1
2116,41,112,11:38:55,1
2117,41,115,11:14:43,2
2118,41,119,01:18:59,1
2119,41,121,20:09:55,1
2120,41,122,08:09:56,1
2121,41,126,02:15:07,1
2122,41,128,00:52:38,1
2123,41,132,02:42:34,2
2124,41,133,19:12:11,1
2125,41,134,00:00:02,1
2126,41,136,25:54:33,2
2127,41,137,05:11:51,1
2128,41,139,02:59:49,2
2129,41,140,02:00:21,1
2130,41,143,03:22:41,1
2131,41,144,01:47:27,1
2132,41,146,01:07:13,1
2133,42,51,00:00:00,1
2134,42,54,01:20:00,2
2135,42,56,00:00:00,1
2136,42,57,00:00:00,1
2137,42,58,01:20:00,4
2138,42,59,63:54:24,4
2139,42,60,01:50:00,2
2140,42,61,00:00:00,3
2141,42,62,01:29:59,1
2142,42,63,02:30:00,1
2143,42,65,00:00:00,1
2144,42,66,01:34:12,1
2145,42,69,00:00:00,1
2146,42,70,00:00:00,1
2147,42,71,09:30:01,1
2148,42,75,01:40:00,3
2149,42,78,01:22:06,1
2150,42,81,02:30:00,2
2151,42,82,00:00:00,1
2152,42,83,00:00:00,2
2153,42,84,00:00:00,1
2154,42,85,00:10:01,1
2155,42,86,00:00:00,1
2156,42,88,20:37:20,1
2157,42,89,00:00:00,2
2158,42,90,00:00:00,1
2159,42,91,01:40:00,2
2160,42,92,00:00:00,1
2161,42,93,07:04:50,4
2162,42,94,00:00:00,1
2163,42,98,24:36:34,2
2164,42,99,01:40:00,1
2165,42,101,00:00:00,1
2166,42,103,03:21:17,2
2167,42,104,01:30:00,2
2168,42,105,01:50:00,1
2169,42,106,09:04:51,2
2170,42,107,00:00:00,1
2171,42,108,01:30:00,2
2172,42,109,144:59:42,1
2173,42,110,00:00:00,1
2174,42,114,12:02:12,2
2175,42,115,01:16:02,2
2176,42,120,03:09:58,2
2177,42,121,00:00:00,2
2178,42,122,00:00:00,1
2179,42,124,01:40:00,2
2180,42,125,00:00:00,1
2181,42,127,00:00:00,1
2182,42,128,00:00:00,1
2183,42,129,09:49:59,1
2184,42,130,01:30:00,1
2185,42,132,00:00:00,1
2186,42,133,00:00:00,1
2187,42,134,28:38:46,1
2188,42,135,00:20:00,1
2189,42,136,00:00:00,1
2190,42,137,00:10:00,2
2191,42,139,00:00:00,2
2192,42,143,00:00:00,1
2193,42,146,00:00:00,1
2194,42,147,01:00:00,1
2195,42,148,00:00:00,1
2196,43,51,45:03:23,2
2197,43,52,00:00:00,1
2198,43,56,00:00:00,1
2199,43,59,69:08:12,3
2200,43,65,05:37:49,1
2201,43,67,296:21:34,3
2202,43,68,00:00:25,1
2203,43,70,70:44:46,2
2204,43,73,00:00:00,1
2205,43,75,01:42:57,1
2206,43,76,00:10:00,1
2207,43,78,00:00:00,1
2208,43,79,27:04:10,1
2209,43,81,00:22:04,2
2210,43,82,00:00:55,2
2211,43,84,00:00:00,1
2212,43,85,00:00:00,1
2213,43,86,02:42:36,1
2214,43,91,00:00:00,1
2215,43,94,05:34:29,1
2216,43,99,04:51:36,2
2217,43,101,00:00:00,1
2218,43,109,00:00:18,2
2219,43,110,00:00:27,1
2220,43,114,237:41:43,2
2221,43,118,00:01:52,1
2222,43,120,00:00:00,1
2223,43,123,00:00:56,1
2224,43,124,554:21:56,3
2225,43,131,04:48:05,1
2226,43,133,54:32:26,1
2227,43,134,00:00:00,1
2228,43,135,00:00:00,1
2229,43,136,01:59:07,1
2230,43,138,01:03:53,2
2231,43,140,382:15:29,1
2232,43,141,00:00:00,1
2233,43,143,00:00:00,1
2234,43,146,00:48:35,1
2235,43,148,00:00:00,2
2236,43,149,00:01:06,1
2237,44,51,145:16:28,1
2238,44,61,01:41:56,1
2239,44,62,69:42:41,1
2240,44,64,00:16:26,1
2241,44,65,46:26:42,2
2242,44,66,22:39:54,1
2243,44,67,19:18:40,1
2244,44,69,00:00:00,1
2245,44,70,121:25:43,4
2246,44,71,23:46:03,2
2247,44,73,24:23:07,2
2248,44,76,23:17:35,1
2249,44,77,00:00:00,1
2250,44,80,109:38:46,2
2251,44,81,98:35:26,1
2252,44,82,00:02:18,3
2253,44,83,00:00:00,1
2254,44,84,33:21:12,1
2255,44,86,00:00:00,1
2256,44,89,00:00:00,2
2257,44,92,48:17:39,1
2258,44,93,00:00:00,1
2259,44,95,01:30:49,2
2260,44,97,24:23:14,1
2261,44,99,168:25:35,2
2262,44,100,72:03:11,2
2263,44,105,24:30:23,3
2264,44,106,00:00:00,1
2265,44,108,00:57:27,1
2266,44,109,65:53:18,4
2267,44,110,00:00:00,1
2268,44,111,00:00:00,1
2269,44,113,45:55:10,1
2270,44,114,15:11:45,1
2271,44,115,00:00:00,1
2272,44,118,00:00:00,1
2273,44,119,00:00:00,1
2274,44,120,25:08:30,1
2275,44,122,00:00:00,1
2276,44,125,00:00:00,1
2277,44,127,23:02:37,1
2278,44,130,02:10:58,2
2279,44,132,00:11:12,1
2280,44,134,48:05:40,1
2281,44,136,71:53:25,1
2282,44,138,01:33:27,1
2283,44,145,21:33:43,1
2284,44,146,00:00:00,2
2285,44,147,26:03:14,1
2286,44,148,48:19:55,2
2287,44,149,166:28:34,1
2288,44,150,766:49:00,1
2289,45,54,00:07:00,1
2290,45,60,00:03:07,1
2291,45,64,00:01:50,1
2292,45,70,00:06:14,1
2293,45,71,04:30:25,2
2294,45,74,05:23:02,1
2295,45,79,00:04:48,1
2296,45,84,00:36:51,1
2297,45,85,00:10:51,1
2298,45,88,00:00:58,1
2299,45,102,13:53:54,1
2300,45,103,00:03:25,1
2301,45,106,00:03:50,1
2302,45,107,163:04:28,1
2303,45,110,02:34:03,1
2304,45,111,61:14:54,1
2305,45,112,00:16:34,1
2306,45,113,00:00:56,1
2307,45,122,18:49:54,2
2308,45,124,65:12:02,1
2309,45,127,04:31:33,1
2310,45,134,00:21:18,1
2311,45,136,03:05:55,1
2312,45,140,00:00:13,1
2313,45,143,00:00:36,1
2314,45,145,13:42:50,2
2315,45,149,309:49:47,1
2316,46,51,00:00:00,1
2317,46,53,00:00:00,1
2318,46,55,00:00:00,2
2319,46,59,01:59:57,2
2320,46,60,00:00:00,1
2321,46,61,00:48:53,2
2322,46,62,02:44:53,1
2323,46,64,43:23:18,3
2324,46,65,00:00:00,1
2325,46,67,00:00:00,1
2326,46,68,03:10:34,2
2327,46,69,00:00:00,2
2328,46,70,00:12:45,2
2329,46,71,00:00:00,1
2330,46,72,00:00:00,1
2331,46,74,00:40:00,1
2332,46,75,05:53:27,1
2333,46,76,00:00:00,1
2334,46,79,00:09:50,1
2335,46,81,05:55:37,2
2336,46,82,00:10:01,1
2337,46,84,02:28:20,2
2338,46,85,00:00:00,1
2339,46,86,00:00:00,1
2340,46,87,02:40:20,3
2341,46,90,00:00:00,1
2342,46,91,08:00:27,1
2343,46,92,1725:37:49,1
2344,46,93,00:00:00,1
2345,46,94,01:19:50,1
2346,46,96,00:00:00,1
2347,46,97,02:29:08,1
2348,46,100,01:19:40,1
2349,46,101,04:06:53,1
2350,46,103,01:39:56,1
2351,46,107,00:00:00,1
2352,46,108,00:00:00,1
2353,46,109,00:38:00,2
2354,46,110,00:22:53,1
2355,46,113,00:00:00,1
2356,46,114,01:33:49,1
2357,46,115,07:41:50,1
2358,46,116,22:02:31,2
2359,46,120,01:59:57,1
2360,46,124,01:35:37,1
2361,46,126,00:00:00,1
2362,46,127,00:00:00,2
2363,46,136,43:57:53,1
2364,46,137,00:20:00,1
2365,46,139,05:31:58,2
2366,46,143,00:20:00,2
2367,46,146,02:23:58,2
2368,46,148,00:00:00,1
2369,46,149,11:21:13,3
2370,47,51,00:10:00,2
2371,47,54,00:00:00,1
2372,47,55,93:52:48,1
2373,47,56,00:00:00,1
2374,47,57,18:24:59,1
2375,47,61,00:00:00,1
2376,47,63,02:18:33,1
2377,47,64,00:00:00,1
2378,47,65,01:35:46,1
2379,47,67,32:35:06,1
2380,47,68,02:03:05,1
2381,47,69,00:00:00,1
2382,47,71,01:34:49,1
2383,47,74,00:00:00,1
2384,47,75,00:09:56,1
2385,47,77,00:00:00,1
2386,47,78,00:00:00,1
2387,47,79,00:00:00,1
2388,47,80,00:00:00,1
2389,47,81,41:58:40,1
2390,47,82,00:00:00,1
2391,47,83,00:00:00,1
2392,47,85,00:52:09,2
2393,47,86,00:00:00,1
2394,47,87,00:50:00,2
2395,47,89,21:01:31,3
2396,47,90,00:00:00,1
2397,47,93,00:00:00,1
2398,47,94,19:58:49,1
2399,47,96,01:44:13,1
2400,47,97,00:00:00,1
2401,47,98,00:00:00,4
2402,47,99,00:00:00,1
2403,47,100,01:46:05,1
2404,47,101,00:00:00,1
2405,47,102,00:00:00,1
2406,47,103,00:00:00,3
2407,47,104,00:00:00,1
2408,47,106,65:42:33,2
2409,47,109,00:00:00,1
2410,47,110,00:00:00,1
2411,47,111,00:00:00,1
2412,47,113,01:20:00,1
2413,47,114,00:00:00,1
2414,47,115,24:59:23,1
2415,47,116,01:43:39,2
2416,47,117,00:00:00,1
2417,47,118,00:00:00,1
2418,47,119,71:59:49,2
2419,47,121,01:12:26,1
2420,47,122,00:00:00,1
2421,47,123,00:00:00,1
2422,47,127,08:11:30,2
2423,47,128,00:10:00,1
2424,47,132,00:00:00,1
2425,47,133,01:47:07,3
2426,47,134,02:10:00,1
2427,47,135,00:00:00,1
2428,47,136,00:09:59,1
2429,47,139,00:00:00,1
2430,47,140,00:00:00,1
2431,47,144,01:31:30,1
2432,47,146,00:00:00,1
2433,47,147,00:50:52,2
2434,47,148,12:29:25,1
2435,48,51,41:31:42,1
2436,48,56,01:28:22,2
2437,48,57,00:00:00,2
2438,48,60,09:33:25,2
2439,48,61,00:53:19,1
2440,48,62,00:00:00,2
2441,48,63,00:00:00,1
2442,48,64,00:00:00,2
2443,48,66,05:18:51,1
2444,48,67,08:20:00,2
2445,48,68,00:00:00,1
2446,48,69,00:00:00,3
2447,48,70,06:27:11,1
2448,48,71,01:46:10,1
2449,48,73,01:40:00,3
2450,48,74,00:00:00,2
2451,48,79,20:28:25,1
2452,48,81,00:00:00,1
2453,48,84,00:00:00,1
2454,48,85,00:00:00,1
2455,48,87,04:12:05,2
2456,48,89,00:00:00,1
2457,48,94,03:16:36,5
2458,48,96,04:58:17,1
2459,48,102,00:00:00,1
2460,48,103,09:33:06,2
2461,48,104,28:54:05,1
2462,48,108,00:00:00,2
2463,48,109,00:00:00,1
2464,48,111,01:20:00,1
2465,48,113,00:00:00,1
2466,48,117,00:00:00,1
2467,48,119,12:49:51,3
2468,48,120,00:00:00,2
2469,48,122,00:00:00,1
2470,48,123,00:00:00,1
2471,48,126,00:00:00,1
2472,48,127,00:00:00,1
2473,48,128,15:41:29,2
2474,48,132,00:00:00,1
2475,48,134,00:00:00,1
2476,48,135,12:10:00,4
2477,48,136,00:00:00,1
2478,48,137,01:30:00,2
2479,48,140,00:00:00,1
2480,48,145,00:00:00,1
2481,48,148,01:10:00,1
2482,48,149,02:20:00,1
2483,49,51,00:10:00,1
2484,49,53,00:06:06,1
2485,49,54,01:15:01,2
2486,49,56,00:00:00,1
2487,49,57,00:30:00,1
2488,49,60,01:40:01,1
2489,49,62,02:49:59,2
2490,49,64,02:19:56,2
2491,49,65,02:19:58,1
2492,49,67,14:43:45,4
2493,49,69,00:30:00,1
2494,49,70,08:18:44,2
2495,49,72,00:00:00,1
2496,49,77,01:57:39,1
2497,49,79,09:28:41,1
2498,49,81,00:00:00,2
2499,49,82,00:00:00,1
2500,49,83,00:00:00,1
2501,49,84,00:00:00,1
2502,49,86,01:30:00,1
2503,49,87,00:10:07,1
2504,49,89,00:00:00,1
2505,49,91,01:20:01,1
2506,49,93,01:56:01,2
2507,49,94,01:53:40,2
2508,49,95,01:41:46,1
2509,49,96,00:00:00,1
2510,49,97,14:16:41,1
2511,49,98,01:39:56,1
2512,49,100,01:50:00,5
2513,49,102,01:16:32,1
2514,49,103,00:00:00,1
2515,49,104,00:00:00,1
2516,49,105,04:24:19,2
2517,49,107,04:09:13,4
2518,49,108,12:42:56,1
2519,49,109,01:30:01,1
2520,49,113,00:00:00,2
2521,49,115,08:15:30,2
2522,49,119,04:49:59,1
2523,49,123,00:58:48,2
2524,49,125,00:00:00,1
2525,49,126,01:40:00,1
2526,49,127,00:00:00,2
2527,49,128,01:19:59,2
2528,49,129,00:19:59,1
2529,49,131,01:58:10,1
2530,49,132,00:00:00,1
2531,49,136,00:00:00,1
2532,49,137,00:00:00,1
2533,49,138,04:09:50,2
2534,49,140,02:40:00,3
2535,49,142,00:10:00,1
2536,49,143,01:40:00,3
2537,49,144,01:18:16,1
2538,49,148,01:30:01,2
2539,49,149,02:04:41,2
2540,49,150,01:38:29,1
2541,50,52,01:56:12,1
2542,50,54,02:11:41,1
2543,50,57,66:28:36,2
2544,50,58,03:44:53,2
2545,50,61,70:57:20,1
2546,50,63,01:00:51,1
2547,50,65,01:33:06,2
2548,50,67,00:48:01,1
2549,50,76,01:41:59,1
2550,50,77,48:25:30,1
2551,50,78,02:27:47,1
2552,50,79,04:11:06,2
2553,50,81,05:06:37,2
2554,50,82,00:57:00,1
2555,50,85,09:00:53,2
2556,50,86,00:19:35,1
2557,50,89,01:21:18,1
2558,50,90,29:32:33,2
2559,50,93,07:48:26,2
2560,50,96,19:08:13,1
2561,50,98,00:12:27,1
2562,50,99,04:37:58,3
2563,50,106,15:48:53,3
2564,50,109,14:30:35,4
2565,50,110,05:19:06,2
2566,50,111,01:27:36,1
2567,50,113,49:53:57,1
2568,50,116,07:18:15,2
2569,50,117,01:46:17,1
2570,50,119,01:28:42,1
2571,50,120,00:00:05,1
2572,50,122,01:14:50,1
2573,50,123,01:21:54,1
2574,50,124,49:29:56,1
2575,50,125,01:45:07,1
2576,50,126,00:18:53,1
2577,50,127,03:14:45,1
2578,50,129,01:41:53,2
2579,50,130,00:32:29,1
2580,50,131,11:16:16,1
2581,50,136,03:49:32,2
2582,50,137,08:20:53,1
2583,50,138,04:58:37,2
2584,50,139,01:21:51,1
2585,50,140,04:51:09,1
2586,50,141,01:48:35,1
2587,50,146,18:49:46,1
2588,50,147,01:01:18,2
2589,50,148,01:37:22,1
2590,50,149,01:46:40,1
