statid,userID,videoID,watchCount,totalWatchDuration
1,1,5,5,01:48:30
2,1,7,4,00:58:43
3,1,9,3,00:04:06
4,1,49,2,00:02:14
5,1,52,2,00:01:18
6,1,59,9,12:18:13
7,1,63,4,00:11:41
8,1,82,3,00:04:24
9,1,84,4,00:45:38
10,1,85,2,21:03:25
11,1,97,1,00:01:20
12,1,98,4,00:05:33
13,1,104,4,01:59:12
14,1,107,1,00:01:02
15,1,110,1,00:00:13
16,1,111,2,00:03:56
17,1,112,2,00:02:07
18,1,139,7,03:17:16
19,1,141,2,00:01:39
20,1,177,4,21:30:38
21,1,186,2,00:01:08
22,1,199,2,00:03:29
23,1,208,1,00:00:35
24,1,232,1,00:00:35
25,1,241,3,00:02:25
26,1,244,4,00:02:30
27,1,255,9,03:07:38
28,1,260,6,01:40:59
29,1,268,10,02:42:08
30,1,288,1,00:00:51
31,1,294,4,01:01:35
32,1,309,1,00:01:02
33,1,328,1,00:01:08
34,1,330,1,00:03:08
35,1,336,5,01:55:49
36,1,344,9,00:09:03
37,1,345,8,02:01:12
38,1,353,7,02:01:29
39,1,360,2,00:05:25
40,1,367,1,00:00:50
41,1,370,1,00:01:02
42,1,375,5,21:25:56
43,1,384,1,00:00:39
44,1,394,1,20:50:13
45,1,414,7,00:09:15
46,1,458,1,00:00:10
47,1,465,4,02:17:11
48,1,468,18,06:03:47
49,1,473,1,00:00:24
50,1,479,1,00:00:41
51,1,495,1,00:00:52
52,1,510,1,00:00:07
53,1,514,1,00:00:28
54,1,548,4,01:47:53
55,1,552,2,00:02:27
56,1,575,12,19:43:47
57,1,576,2,00:04:14
58,1,587,2,00:11:37
59,1,590,2,00:15:10
60,1,595,19,05:45:00
61,1,598,3,00:06:09
62,1,603,1,00:00:36
63,1,611,1,00:00:12
64,1,624,3,22:06:18
65,1,627,12,03:20:16
66,1,646,1,00:00:47
67,1,652,1,00:00:04
68,1,666,7,26:20:15
69,1,697,2,00:01:21
70,1,698,1,00:01:51
71,1,702,1,00:01:36
72,1,713,1,00:01:46
73,1,727,1,00:01:16
74,1,730,4,00:11:30
75,1,732,8,23:48:58
76,1,757,4,00:05:51
77,1,767,1,00:01:15
78,1,770,3,00:02:19
79,1,782,2,00:07:28
80,1,797,1,00:43:55
81,1,832,3,00:05:19
82,1,834,7,02:16:50
83,1,859,1,00:00:48
84,1,861,1,00:00:57
85,1,878,1,00:00:32
86,1,880,13,24:55:58
87,1,888,2,00:02:36
88,1,889,4,01:37:46
89,1,899,1,00:02:06
90,1,901,4,01:47:26
91,1,923,2,00:01:43
92,1,933,3,00:02:33
93,1,938,6,24:11:29
94,1,941,2,00:02:08
95,1,956,4,00:32:38
96,1,959,3,00:35:27
97,1,965,4,01:46:33
98,1,967,1,00:10:37
99,1,995,4,00:22:50
100,1,1038,7,01:16:14
101,1,1039,4,01:57:58
102,1,1047,2,00:01:43
103,1,1048,2,00:01:25
104,1,1072,1,00:01:40
105,1,1074,1,00:00:29
106,1,1089,4,00:26:19
107,1,1123,3,00:01:40
108,1,1155,9,04:26:23
109,1,1163,1,00:01:17
110,1,1185,2,00:05:05
111,1,1188,3,00:20:10
112,1,1204,1,00:36:12
113,1,1217,1,00:02:14
114,1,1225,2,00:01:09
115,1,1229,1,00:00:23
116,1,1230,4,00:37:37
117,1,1231,2,00:14:24
118,1,1285,6,23:10:40
119,1,1306,1,00:00:53
120,1,1313,5,01:49:22
121,1,1316,1,00:08:32
122,1,1320,4,01:41:15
123,1,1321,5,01:15:43
124,1,1330,2,20:50:59
125,1,1331,2,00:01:54
126,1,1344,4,00:12:53
127,1,1380,4,02:42:34
128,1,1419,1,00:01:06
129,1,1425,2,00:03:03
130,1,1430,4,23:32:31
131,1,1434,7,00:50:18
132,1,1440,1,00:01:00
133,1,1456,5,01:47:13
134,1,1474,1,00:03:32
135,1,1478,6,00:08:58
136,1,1484,2,00:04:00
137,1,1486,1,00:00:30
138,1,1513,1,00:01:27
139,1,1528,1,00:02:12
140,1,1543,1,00:00:48
141,1,1546,1,00:00:45
142,1,1563,1,00:00:33
143,1,1576,1,00:01:39
144,1,1578,3,00:14:11
145,1,1580,1,00:01:16
146,1,1593,5,00:05:10
147,1,1602,1,00:01:21
148,1,1612,10,00:18:10
149,1,1623,1,00:00:20
150,1,1633,2,00:25:32
151,1,1648,4,00:03:55
152,1,1667,1,00:02:29
153,1,1682,23,95:13:17
154,1,1688,3,00:02:32
155,1,1705,6,02:25:04
156,1,1715,8,02:57:37
157,1,1723,9,02:23:56
158,1,1748,2,00:12:58
159,1,1773,1,00:10:17
160,1,1774,1,00:02:54
161,1,1780,1,00:00:05
162,1,1788,9,26:33:56
163,1,1799,1,00:00:15
164,1,1810,1,00:00:36
165,1,1814,1,00:00:39
166,1,1824,6,39:13:28
167,1,1838,7,23:03:04
168,1,1860,1,00:01:02
169,1,1866,2,00:22:22
170,1,1874,3,00:51:25
171,1,1879,2,01:43:16
172,1,1886,7,02:22:47
173,1,1888,1,00:02:17
174,1,1905,1,00:03:07
175,1,1907,1,00:27:52
176,1,1908,1,00:00:43
177,1,1909,6,05:31:35
178,1,1920,4,21:59:38
179,1,1941,1,00:00:31
180,1,1943,5,00:26:29
181,1,1945,1,00:12:42
182,1,1953,1,00:07:55
183,1,1958,5,02:14:07
184,1,1965,1,00:01:19
185,1,1986,4,00:06:10
186,1,2001,3,00:05:29
187,1,2012,6,01:21:05
188,1,2013,8,03:53:58
189,1,2016,4,00:05:29
190,1,2023,4,00:04:20
191,1,2031,10,19:24:28
192,1,2035,1,00:00:56
193,1,2036,2,00:00:49
194,1,2040,4,02:31:02
195,1,2048,8,02:13:46
196,1,2065,1,00:02:33
197,1,2069,3,00:01:46
198,1,2091,3,02:04:25
199,1,2094,16,08:59:39
200,1,2106,1,00:00:51
201,1,2112,7,21:15:34
202,1,2116,1,00:01:26
203,1,2139,2,00:01:44
204,1,2147,1,00:00:36
205,1,2154,4,00:56:05
206,1,2167,2,00:47:47
207,1,2176,9,03:40:52
208,1,2182,1,00:01:00
209,1,2184,3,00:14:13
210,1,2189,5,00:08:26
211,2,5,1,00:01:14
212,2,9,5,00:23:21
213,2,30,1,00:01:11
214,2,49,3,00:03:11
215,2,59,3,00:04:13
216,2,63,1,00:07:27
217,2,67,1,00:04:03
218,2,76,1,00:00:05
219,2,84,2,00:04:54
220,2,87,1,00:10:36
221,2,111,2,00:02:48
222,2,153,10,05:33:03
223,2,186,2,00:03:40
224,2,199,1,00:07:52
225,2,208,3,00:39:17
226,2,304,1,00:00:53
227,2,328,1,00:00:17
228,2,344,1,00:01:01
229,2,345,5,24:26:09
230,2,346,3,00:17:18
231,2,347,1,00:05:25
232,2,367,2,00:03:34
233,2,384,2,00:42:16
234,2,398,1,00:00:47
235,2,414,1,00:01:05
236,2,465,5,24:02:43
237,2,473,1,00:00:38
238,2,479,1,00:00:35
239,2,489,1,00:00:44
240,2,514,1,00:01:12
241,2,527,1,00:01:43
242,2,552,1,00:01:16
243,2,565,2,00:11:35
244,2,575,19,19:51:59
245,2,581,2,00:00:58
246,2,592,1,00:00:56
247,2,624,2,00:03:31
248,2,627,2,00:18:48
249,2,670,2,00:14:59
250,2,672,1,00:00:17
251,2,684,11,02:34:30
252,2,702,1,00:00:46
253,2,727,5,24:26:26
254,2,730,2,00:01:05
255,2,748,1,00:00:34
256,2,757,34,07:04:30
257,2,760,3,00:07:06
258,2,807,2,00:03:25
259,2,827,1,00:04:04
260,2,828,2,00:04:44
261,2,845,1,00:02:03
262,2,867,2,00:11:19
263,2,880,3,00:04:58
264,2,933,2,00:00:24
265,2,955,1,00:01:55
266,2,959,3,00:04:26
267,2,995,1,00:00:25
268,2,1037,1,00:02:08
269,2,1038,7,01:30:16
270,2,1072,8,22:47:03
271,2,1151,4,22:10:16
272,2,1155,2,20:22:36
273,2,1163,2,00:03:19
274,2,1174,1,00:00:04
275,2,1180,1,00:02:26
276,2,1194,1,00:02:37
277,2,1217,7,03:22:03
278,2,1225,1,00:00:44
279,2,1268,1,00:01:41
280,2,1292,1,00:03:51
281,2,1293,1,00:00:25
282,2,1344,1,00:00:26
283,2,1346,1,00:06:09
284,2,1365,2,01:12:05
285,2,1377,1,00:00:04
286,2,1406,26,26:13:39
287,2,1409,2,00:02:30
288,2,1434,8,46:03:56
289,2,1446,14,46:57:12
290,2,1478,4,00:02:38
291,2,1494,1,00:01:11
292,2,1509,1,00:00:59
293,2,1517,1,00:00:47
294,2,1543,1,00:00:33
295,2,1578,2,20:27:29
296,2,1580,1,00:03:04
297,2,1612,8,00:36:22
298,2,1614,4,00:02:01
299,2,1618,6,02:20:40
300,2,1648,3,00:02:52
301,2,1652,2,00:02:37
302,2,1684,7,02:14:22
303,2,1720,2,00:01:45
304,2,1723,1,00:01:06
305,2,1744,3,00:03:59
306,2,1745,4,00:17:54
307,2,1774,1,00:00:27
308,2,1799,3,00:04:28
309,2,1812,4,00:02:40
310,2,1824,2,00:03:08
311,2,1860,1,00:01:00
312,2,1866,1,00:00:44
313,2,1905,3,01:22:22
314,2,1930,2,00:05:13
315,2,1943,16,27:41:53
316,2,1949,9,23:05:11
317,2,1953,1,00:01:16
318,2,1959,40,28:34:39
319,2,1965,5,16:16:11
320,2,1966,4,01:49:38
321,2,1985,12,17:34:14
322,2,1986,13,02:43:12
323,2,2001,1,00:00:46
324,2,2012,2,00:06:39
325,2,2016,15,26:32:41
326,2,2023,10,02:05:35
327,2,2031,1,00:00:06
328,2,2038,2,00:05:14
329,2,2040,1,00:04:42
330,2,2057,1,00:01:34
331,2,2063,3,00:06:13
332,2,2072,1,00:02:44
333,2,2076,1,00:03:07
334,2,2094,1,00:00:43
335,2,2100,2,00:02:01
336,2,2106,1,00:05:13
337,2,2136,1,00:11:32
338,2,2139,2,00:07:17
339,2,2149,4,00:06:05
340,2,2165,1,00:02:53
341,2,2189,1,00:01:21
342,3,4,1,23:45:43
343,3,9,3,03:17:32
344,3,52,1,00:00:47
345,3,59,1,00:00:52
346,3,67,3,25:23:08
347,3,75,2,24:53:35
348,3,82,1,01:59:56
349,3,83,1,00:23:08
350,3,89,9,21:17:46
351,3,97,1,00:01:05
352,3,153,1,46:02:31
353,3,199,1,00:01:01
354,3,251,1,00:23:48
355,3,255,1,00:00:10
356,3,274,1,00:01:26
357,3,295,2,00:20:55
358,3,296,1,00:00:58
359,3,299,4,21:10:00
360,3,309,9,24:53:34
361,3,328,1,00:00:38
362,3,360,3,00:30:35
363,3,411,4,01:54:45
364,3,414,1,21:31:33
365,3,415,1,00:01:16
366,3,468,3,24:07:34
367,3,473,1,00:01:06
368,3,514,2,23:25:08
369,3,525,1,76:13:30
370,3,544,3,25:34:42
371,3,575,2,43:33:26
372,3,576,1,00:00:22
373,3,595,12,29:55:13
374,3,624,2,25:30:15
375,3,633,2,00:02:00
376,3,659,1,01:19:21
377,3,707,2,23:51:31
378,3,762,1,00:01:00
379,3,780,7,11:25:45
380,3,782,1,00:01:00
381,3,794,1,00:01:24
382,3,826,1,00:01:20
383,3,858,3,00:23:15
384,3,859,1,00:01:05
385,3,862,1,00:00:56
386,3,867,1,00:03:13
387,3,868,2,355:38:59
388,3,888,2,00:01:01
389,3,959,2,00:02:43
390,3,995,1,27:24:13
391,3,1001,2,01:51:14
392,3,1038,6,03:53:19
393,3,1064,1,00:02:22
394,3,1068,3,00:58:16
395,3,1089,1,00:08:41
396,3,1120,1,00:00:12
397,3,1123,1,00:11:48
398,3,1155,1,00:02:01
399,3,1163,1,00:00:34
400,3,1177,1,00:02:16
401,3,1180,1,00:00:28
402,3,1225,3,02:39:50
403,3,1248,4,47:56:58
404,3,1286,2,10:29:19
405,3,1316,1,00:00:35
406,3,1344,2,01:05:10
407,3,1383,1,00:00:38
408,3,1425,3,23:58:18
409,3,1478,2,46:31:20
410,3,1516,1,00:00:20
411,3,1532,2,01:36:50
412,3,1546,1,00:00:27
413,3,1580,1,00:01:04
414,3,1593,5,24:19:24
415,3,1605,3,02:22:58
416,3,1612,5,47:41:47
417,3,1632,1,00:00:22
418,3,1639,2,00:01:12
419,3,1648,3,23:56:39
420,3,1715,4,81:46:04
421,3,1723,1,00:02:38
422,3,1726,6,110:50:49
423,3,1734,2,00:03:57
424,3,1746,22,78:00:08
425,3,1769,1,22:24:48
426,3,1792,4,38:56:16
427,3,1799,3,05:28:41
428,3,1830,1,00:04:12
429,3,1836,2,00:02:23
430,3,1860,3,00:10:14
431,3,1866,7,00:17:41
432,3,1873,1,22:29:37
433,3,1909,3,23:23:50
434,3,1920,1,00:00:22
435,3,1977,1,00:01:21
436,3,1999,6,62:22:24
437,3,2012,3,00:05:03
438,3,2016,3,76:25:18
439,3,2023,2,00:15:33
440,3,2040,1,00:00:49
441,3,2064,2,21:39:15
442,3,2094,1,25:01:16
443,3,2097,1,22:56:03
444,3,2100,1,01:29:35
445,3,2129,4,00:15:05
446,3,2139,6,24:25:37
447,3,2143,3,00:55:50
448,3,2169,2,00:01:46
449,3,2174,2,22:45:29
450,3,2176,8,37:52:37
451,4,8,2,23:16:31
452,4,144,2,00:36:47
453,4,235,6,02:54:35
454,4,278,9,70:37:01
455,4,315,3,00:45:47
456,4,335,2,00:00:00
457,4,345,1,00:00:00
458,4,376,1,00:33:30
459,4,483,1,00:00:00
460,4,553,88,674:53:35
461,4,556,1,00:00:00
462,4,693,1,01:13:44
463,4,715,1,00:00:00
464,4,747,1,00:10:00
465,4,755,1,00:00:00
466,4,803,32,272:26:42
467,4,871,1,00:00:00
468,4,884,1,01:16:56
469,4,961,4,01:49:48
470,4,981,2,00:00:00
471,4,1004,2,01:23:05
472,4,1015,2,00:47:34
473,4,1228,2,00:41:09
474,4,1340,10,57:34:01
475,4,1432,3,00:13:43
476,4,1454,1,00:00:00
477,4,1478,3,01:57:09
478,4,1577,1,00:00:00
479,4,1615,5,01:31:04
480,4,1619,1,00:30:00
481,4,1729,3,01:19:02
482,4,1767,2,08:16:20
483,4,1799,1,06:59:49
484,4,1868,1,00:00:00
485,4,1998,3,00:33:42
486,4,2010,2,00:19:59
487,4,2018,1,00:00:00
488,4,2164,4,02:59:56
489,5,144,1,00:12:17
490,5,293,1,00:00:00
491,5,331,19,77:58:08
492,5,541,54,70:21:26
493,5,1035,51,23:19:12
494,5,1070,1,00:00:00
495,5,1167,1,00:00:00
496,5,1171,1,00:00:00
497,5,1173,1,00:00:00
498,5,1257,1,01:23:09
499,5,1476,1,00:00:00
500,5,1496,35,93:09:41
501,5,1532,1,00:00:00
502,5,1637,6,03:00:00
503,5,1638,2,00:00:00
504,5,1714,18,51:54:12
505,5,2042,5,02:46:24
506,6,88,1,12:24:30
507,6,97,12,20:01:51
508,6,140,1,00:00:04
509,6,174,4,34:00:04
510,6,175,4,12:04:39
511,6,217,2,00:01:34
512,6,272,2,03:43:53
513,6,319,1,17:13:30
514,6,328,2,00:43:33
515,6,335,2,12:17:15
516,6,361,2,19:12:26
517,6,408,1,00:39:30
518,6,422,5,13:44:57
519,6,503,1,10:00:12
520,6,554,1,00:22:28
521,6,591,7,03:48:27
522,6,658,2,13:34:30
523,6,682,1,01:58:56
524,6,722,2,39:56:05
525,6,724,6,47:23:40
526,6,733,2,10:50:38
527,6,740,3,22:34:10
528,6,741,2,69:20:25
529,6,743,1,00:50:57
530,6,745,1,00:18:05
531,6,782,1,00:10:19
532,6,785,3,15:02:29
533,6,797,1,03:53:37
534,6,820,1,00:01:16
535,6,855,7,03:32:34
536,6,874,1,01:18:58
537,6,912,3,00:40:08
538,6,918,2,21:55:05
539,6,942,1,01:45:45
540,6,1028,1,10:24:52
541,6,1053,1,00:07:49
542,6,1106,1,00:57:06
543,6,1139,2,01:32:59
544,6,1144,1,00:44:09
545,6,1180,3,06:57:52
546,6,1191,4,12:25:13
547,6,1194,6,04:22:43
548,6,1234,1,00:00:09
549,6,1268,1,13:37:12
550,6,1299,6,15:11:11
551,6,1315,4,02:24:53
552,6,1327,2,01:11:41
553,6,1340,1,07:54:32
554,6,1341,4,02:32:28
555,6,1366,1,01:36:37
556,6,1379,1,01:33:52
557,6,1380,5,18:32:08
558,6,1391,1,24:35:44
559,6,1409,3,01:27:39
560,6,1452,2,02:10:32
561,6,1485,2,17:06:53
562,6,1594,6,04:17:14
563,6,1603,1,01:38:43
564,6,1608,2,69:01:32
565,6,1626,1,43:55:59
566,6,1797,3,19:09:24
567,6,1806,1,01:27:41
568,6,1853,2,04:28:23
569,6,1861,1,09:26:07
570,6,1904,2,03:35:10
571,6,1944,1,01:30:55
572,6,1979,2,23:26:40
573,6,2002,3,13:49:51
574,6,2013,5,04:04:56
575,6,2015,6,01:57:24
576,6,2111,2,14:45:41
577,6,2118,3,21:29:08
578,6,2162,1,01:27:39
579,6,2172,4,71:22:51
580,7,6,3,01:52:50
581,7,18,1,02:04:56
582,7,45,1,01:20:05
583,7,62,1,06:16:35
584,7,67,1,00:04:11
585,7,88,2,03:20:18
586,7,101,2,01:52:40
587,7,139,2,02:09:02
588,7,151,3,02:48:07
589,7,155,1,05:38:34
590,7,163,2,01:35:11
591,7,176,2,02:02:57
592,7,237,3,00:30:33
593,7,241,2,01:27:50
594,7,271,2,07:35:34
595,7,280,1,00:09:56
596,7,282,1,01:32:04
597,7,319,1,00:09:41
598,7,336,3,01:44:08
599,7,340,3,46:55:29
600,7,351,1,04:58:55
601,7,366,2,01:42:00
602,7,385,2,00:05:46
603,7,390,1,00:00:51
604,7,391,1,00:39:21
605,7,416,1,01:31:43
606,7,417,1,00:09:23
607,7,427,2,01:31:55
608,7,431,2,00:28:03
609,7,455,2,01:34:01
610,7,492,2,01:20:52
611,7,537,2,02:17:12
612,7,547,1,00:07:54
613,7,551,1,00:02:37
614,7,559,1,00:00:41
615,7,566,3,30:16:01
616,7,594,1,24:11:00
617,7,601,1,01:53:17
618,7,622,2,00:18:45
619,7,627,1,01:46:17
620,7,658,1,00:03:52
621,7,678,1,02:09:11
622,7,729,1,01:00:03
623,7,757,1,01:00:36
624,7,761,1,01:35:50
625,7,767,1,12:19:27
626,7,775,2,00:34:09
627,7,776,3,06:04:01
628,7,777,2,00:02:10
629,7,806,1,01:55:39
630,7,811,2,01:31:39
631,7,821,1,02:00:39
632,7,842,1,00:25:23
633,7,873,3,02:04:13
634,7,875,1,10:30:16
635,7,897,1,01:43:54
636,7,973,1,00:39:03
637,7,980,1,00:02:45
638,7,1009,2,04:02:14
639,7,1025,1,00:02:15
640,7,1030,1,00:01:44
641,7,1045,1,01:48:17
642,7,1079,2,02:18:12
643,7,1097,1,03:04:11
644,7,1107,1,00:51:46
645,7,1145,2,00:21:28
646,7,1198,2,01:29:10
647,7,1234,1,01:48:35
648,7,1261,3,05:04:47
649,7,1298,2,04:54:26
650,7,1309,1,04:10:32
651,7,1323,2,02:41:19
652,7,1324,1,01:30:09
653,7,1328,1,01:40:55
654,7,1349,2,43:16:56
655,7,1371,1,02:55:14
656,7,1385,1,00:42:29
657,7,1403,1,00:00:08
658,7,1415,1,01:32:44
659,7,1418,1,01:40:56
660,7,1480,2,17:41:46
661,7,1502,1,00:50:56
662,7,1522,1,04:42:59
663,7,1535,1,00:02:22
664,7,1542,3,01:44:35
665,7,1560,1,00:46:54
666,7,1570,2,01:33:04
667,7,1573,1,03:45:52
668,7,1584,1,01:36:23
669,7,1603,2,02:21:49
670,7,1607,1,04:05:35
671,7,1611,1,01:16:16
672,7,1630,1,01:53:26
673,7,1642,1,02:26:34
674,7,1666,1,00:54:42
675,7,1686,2,28:58:36
676,7,1705,1,01:59:47
677,7,1718,1,03:47:23
678,7,1723,2,00:22:16
679,7,1776,2,00:40:33
680,7,1794,1,00:00:54
681,7,1812,2,00:00:35
682,7,1867,3,16:29:04
683,7,1880,2,01:39:19
684,7,1897,1,02:01:29
685,7,1911,1,01:34:59
686,7,1982,2,03:07:05
687,7,2000,2,00:01:52
688,7,2003,1,25:00:45
689,7,2015,1,01:43:55
690,7,2028,2,01:13:35
691,7,2036,1,01:01:25
692,7,2060,1,00:23:24
693,7,2061,1,07:43:57
694,7,2074,1,01:11:45
695,7,2091,2,02:13:32
696,7,2110,1,16:47:01
697,7,2115,2,04:47:46
698,7,2116,1,01:35:51
699,8,7,1,00:00:00
700,8,11,1,00:00:00
701,8,49,2,00:00:00
702,8,52,1,00:00:00
703,8,56,1,00:00:00
704,8,67,1,00:10:00
705,8,69,1,00:00:09
706,8,74,2,20:32:32
707,8,110,3,00:10:00
708,8,136,1,00:10:00
709,8,138,2,00:10:00
710,8,203,1,00:00:00
711,8,225,1,17:46:17
712,8,242,1,00:00:00
713,8,260,1,00:00:00
714,8,269,1,00:08:45
715,8,298,1,00:00:00
716,8,304,1,00:00:00
717,8,316,1,00:00:00
718,8,322,1,00:00:00
719,8,324,1,00:00:00
720,8,330,1,00:00:00
721,8,343,1,00:10:00
722,8,360,2,01:35:40
723,8,381,1,00:00:00
724,8,389,1,00:00:00
725,8,402,1,00:00:00
726,8,432,1,00:00:00
727,8,443,1,00:00:00
728,8,457,1,00:00:00
729,8,465,1,00:00:00
730,8,485,1,00:00:00
731,8,488,1,00:00:00
732,8,497,1,00:00:00
733,8,507,1,00:00:00
734,8,514,1,00:00:00
735,8,552,2,00:09:47
736,8,558,1,00:00:00
737,8,592,1,00:00:00
738,8,627,2,00:00:00
739,8,696,1,00:00:00
740,8,697,1,00:00:00
741,8,701,1,00:00:00
742,8,727,1,00:00:00
743,8,735,1,00:00:00
744,8,789,1,00:00:00
745,8,797,2,00:07:59
746,8,826,1,00:00:00
747,8,846,1,00:10:00
748,8,861,1,00:00:00
749,8,938,1,00:00:00
750,8,941,3,00:20:00
751,8,979,1,00:00:00
752,8,995,3,00:53:04
753,8,1005,1,00:00:00
754,8,1014,1,00:00:00
755,8,1026,3,12:58:19
756,8,1044,1,00:00:00
757,8,1048,1,00:06:42
758,8,1052,2,00:00:00
759,8,1059,1,00:00:00
760,8,1067,1,00:10:00
761,8,1073,2,06:57:20
762,8,1077,1,00:10:00
763,8,1085,2,00:00:00
764,8,1087,1,00:00:00
765,8,1103,2,00:00:00
766,8,1117,1,00:00:00
767,8,1129,1,00:00:00
768,8,1136,1,00:00:00
769,8,1137,1,00:00:00
770,8,1152,1,00:00:00
771,8,1185,2,00:00:00
772,8,1203,1,00:05:53
773,8,1205,1,00:00:00
774,8,1228,1,00:14:17
775,8,1279,1,00:00:00
776,8,1292,1,00:00:00
777,8,1338,1,00:10:00
778,8,1362,1,00:00:00
779,8,1373,1,00:00:00
780,8,1387,2,11:33:39
781,8,1405,1,00:10:00
782,8,1427,2,00:00:00
783,8,1434,1,00:00:00
784,8,1516,1,00:10:00
785,8,1517,1,00:10:00
786,8,1533,1,00:09:25
787,8,1593,1,00:00:00
788,8,1624,1,00:00:00
789,8,1672,1,00:07:33
790,8,1717,1,00:00:00
791,8,1721,1,00:00:00
792,8,1745,2,22:14:00
793,8,1748,9,30:49:45
794,8,1824,1,00:04:44
795,8,1859,1,00:00:00
796,8,1878,1,00:10:00
797,8,1896,1,00:00:00
798,8,1921,1,00:00:00
799,8,1941,3,00:00:00
800,8,1945,1,00:00:00
801,8,1965,1,00:10:00
802,8,1968,1,00:10:00
803,8,1973,1,00:00:00
804,8,1988,1,00:00:00
805,8,2023,1,00:10:00
806,8,2035,8,24:20:45
807,8,2038,1,00:00:00
808,8,2040,1,00:10:00
809,8,2050,1,00:00:00
810,8,2066,1,00:10:00
811,8,2072,1,00:20:00
812,8,2079,1,00:00:00
813,8,2082,1,00:00:00
814,8,2107,1,00:00:00
815,8,2112,1,00:00:00
816,8,2122,1,22:04:08
817,8,2129,2,00:00:00
818,8,2139,1,00:00:00
819,8,2142,1,11:36:36
820,8,2148,1,00:00:00
821,8,2159,1,00:20:00
822,8,2178,1,00:00:00
823,9,46,2,00:00:00
824,9,68,4,00:03:28
825,9,134,1,00:00:00
826,9,153,1,01:35:06
827,9,184,3,16:54:07
828,9,186,3,25:26:04
829,9,240,4,00:40:00
830,9,251,2,00:10:00
831,9,286,1,00:00:00
832,9,335,1,00:00:00
833,9,345,1,00:00:00
834,9,376,1,23:55:26
835,9,378,1,00:00:00
836,9,407,1,01:27:39
837,9,411,1,00:00:00
838,9,414,1,15:17:52
839,9,415,1,00:00:00
840,9,452,3,00:47:59
841,9,517,1,00:00:00
842,9,556,1,06:17:14
843,9,578,1,01:22:29
844,9,627,1,01:21:47
845,9,663,1,00:00:00
846,9,672,1,01:33:28
847,9,704,1,00:00:00
848,9,755,1,01:43:54
849,9,813,4,10:28:12
850,9,822,4,04:59:55
851,9,859,1,00:00:00
852,9,868,1,21:43:05
853,9,940,2,00:53:14
854,9,948,1,01:37:34
855,9,961,2,17:31:40
856,9,977,1,00:00:00
857,9,1046,1,00:00:00
858,9,1101,1,00:00:00
859,9,1157,2,02:16:44
860,9,1231,2,02:43:19
861,9,1241,1,00:00:00
862,9,1258,1,00:00:00
863,9,1286,5,26:01:42
864,9,1289,1,00:00:00
865,9,1302,4,00:19:09
866,9,1364,4,01:55:34
867,9,1409,5,06:07:48
868,9,1425,2,01:24:09
869,9,1429,1,01:54:51
870,9,1476,1,17:13:13
871,9,1478,2,00:34:32
872,9,1485,1,02:19:59
873,9,1500,2,02:31:11
874,9,1520,4,00:10:01
875,9,1548,1,01:39:59
876,9,1578,1,00:00:00
877,9,1619,2,00:00:00
878,9,1622,2,25:18:20
879,9,1683,2,00:59:37
880,9,1687,1,01:27:17
881,9,1691,3,00:02:06
882,9,1774,1,00:00:00
883,9,1792,1,12:05:06
884,9,1798,4,00:00:00
885,9,1799,7,17:46:52
886,9,1800,3,00:00:00
887,9,1846,1,16:13:26
888,9,1854,1,01:56:08
889,9,1909,1,01:24:27
890,9,1943,1,00:00:00
891,9,1959,4,00:41:31
892,9,1974,1,00:00:00
893,9,1993,1,00:00:00
894,9,1999,2,00:00:00
895,9,2010,8,09:47:53
896,9,2058,7,24:28:21
897,9,2101,3,00:00:00
898,9,2135,1,00:00:00
899,9,2138,1,00:00:00
900,10,4,2,05:12:09
901,10,9,1,00:43:12
902,10,19,6,04:50:00
903,10,59,4,1148:52:38
904,10,84,2,00:00:00
905,10,97,1,00:00:00
906,10,107,3,11:29:59
907,10,224,6,10:49:59
908,10,282,1,00:00:00
909,10,433,1,00:00:00
910,10,455,2,01:07:45
911,10,504,1,00:00:00
912,10,527,3,521:42:12
913,10,538,3,00:00:00
914,10,575,5,68:05:11
915,10,590,1,02:00:00
916,10,595,1,00:00:00
917,10,598,2,00:00:00
918,10,600,1,00:00:00
919,10,612,2,03:19:23
920,10,672,3,00:57:32
921,10,674,1,00:00:00
922,10,682,2,01:10:00
923,10,757,1,00:00:00
924,10,798,1,00:00:00
925,10,834,1,00:00:00
926,10,852,1,00:00:00
927,10,867,1,00:18:49
928,10,877,2,01:09:31
929,10,878,3,00:00:00
930,10,920,3,92:53:18
931,10,942,1,00:05:15
932,10,947,1,00:00:00
933,10,1019,1,00:00:00
934,10,1033,3,01:09:59
935,10,1053,2,00:10:30
936,10,1074,3,00:00:00
937,10,1090,1,01:05:48
938,10,1114,1,00:00:00
939,10,1169,1,01:09:30
940,10,1211,1,10:09:59
941,10,1225,2,00:00:00
942,10,1247,1,00:00:00
943,10,1250,1,00:00:00
944,10,1366,2,00:10:00
945,10,1380,4,22:28:19
946,10,1381,1,00:39:22
947,10,1399,4,02:29:59
948,10,1411,1,01:40:00
949,10,1433,2,00:21:55
950,10,1478,4,24:16:19
951,10,1496,1,00:00:00
952,10,1519,1,00:00:00
953,10,1569,2,01:18:17
954,10,1615,1,00:00:00
955,10,1656,5,06:39:59
956,10,1733,2,01:34:28
957,10,1770,1,20:45:14
958,10,1830,1,00:00:00
959,10,1875,1,00:00:00
960,10,1909,4,01:20:00
961,10,1960,2,00:00:00
962,10,2016,3,00:00:00
963,10,2064,2,00:00:00
964,10,2077,1,44:14:46
965,10,2078,1,00:00:00
966,10,2086,2,15:28:49
967,10,2154,1,00:00:00
968,10,2155,10,139:43:08
969,10,2166,4,46:55:36
970,10,2168,1,00:50:00
971,10,2176,2,00:00:00
972,10,2177,1,00:00:00
973,11,293,3,01:00:01
974,11,315,1,00:00:00
975,11,331,39,43:06:50
976,11,541,20,10:30:34
977,11,1035,20,06:54:07
978,11,1070,1,00:00:00
979,11,1161,1,00:00:00
980,11,1239,2,01:20:01
981,11,1379,1,00:00:00
982,11,1459,4,00:00:00
983,11,1462,1,00:00:00
984,11,1468,1,00:30:00
985,11,1496,2,00:00:00
986,11,1532,2,00:53:54
987,11,1577,1,00:00:00
988,11,1597,1,01:04:54
989,11,1609,2,01:40:00
990,11,1619,1,02:54:08
991,11,1637,17,04:52:21
992,11,1714,26,15:35:52
993,11,1735,1,00:00:00
994,11,2042,2,00:00:00
995,11,2114,2,04:04:15
996,12,2,1,00:00:13
997,12,17,1,00:00:02
998,12,43,6,00:14:15
999,12,55,2,00:00:20
1000,12,124,1,00:02:53
1001,12,134,1,04:58:21
1002,12,146,1,17:06:55
1003,12,157,2,00:09:33
1004,12,185,3,02:10:57
1005,12,210,1,00:00:19
1006,12,268,1,01:57:57
1007,12,279,1,00:00:20
1008,12,281,2,00:42:29
1009,12,323,2,00:00:06
1010,12,374,1,00:06:04
1011,12,401,3,00:00:23
1012,12,403,1,00:06:43
1013,12,435,1,47:37:37
1014,12,459,1,42:33:25
1015,12,472,1,02:42:11
1016,12,518,2,00:10:21
1017,12,564,1,00:00:26
1018,12,566,1,11:44:07
1019,12,608,2,12:49:53
1020,12,610,1,00:35:44
1021,12,655,2,00:19:26
1022,12,672,1,03:19:07
1023,12,678,3,25:22:55
1024,12,691,1,00:00:55
1025,12,703,1,00:02:06
1026,12,708,1,00:02:11
1027,12,738,1,04:31:22
1028,12,746,2,253:15:00
1029,12,806,2,22:56:30
1030,12,810,1,47:52:14
1031,12,821,3,19:18:14
1032,12,835,1,00:01:14
1033,12,837,1,04:01:38
1034,12,847,4,43:29:00
1035,12,1002,3,03:13:04
1036,12,1007,1,00:21:53
1037,12,1042,1,01:50:08
1038,12,1050,1,19:00:49
1039,12,1097,1,00:00:04
1040,12,1122,2,27:44:56
1041,12,1234,1,69:48:11
1042,12,1242,1,00:06:16
1043,12,1261,2,00:05:13
1044,12,1309,1,22:09:06
1045,12,1317,2,22:11:11
1046,12,1322,1,00:08:44
1047,12,1347,2,23:36:20
1048,12,1351,3,27:26:01
1049,12,1360,2,77:48:13
1050,12,1385,1,00:10:49
1051,12,1418,1,01:57:16
1052,12,1434,3,22:24:28
1053,12,1438,1,00:50:15
1054,12,1451,2,23:03:40
1055,12,1502,2,126:50:09
1056,12,1503,1,13:49:33
1057,12,1512,1,00:02:16
1058,12,1525,3,02:19:14
1059,12,1557,1,02:10:30
1060,12,1560,2,00:10:38
1061,12,1564,1,02:00:07
1062,12,1568,1,01:21:15
1063,12,1599,1,18:27:40
1064,12,1606,1,00:01:57
1065,12,1616,2,25:11:49
1066,12,1669,1,24:53:56
1067,12,1754,3,38:09:07
1068,12,1765,3,02:02:44
1069,12,1777,1,03:18:36
1070,12,1779,1,00:01:40
1071,12,1780,1,25:27:11
1072,12,1790,1,00:47:14
1073,12,1793,1,01:43:01
1074,12,1843,1,18:45:52
1075,12,1867,1,02:10:05
1076,12,1888,1,00:08:56
1077,12,1897,2,00:05:39
1078,12,1907,2,01:19:30
1079,12,1908,1,00:00:06
1080,12,1910,1,97:16:24
1081,12,1924,2,20:02:49
1082,12,2081,1,24:06:06
1083,12,2099,1,00:02:24
1084,12,2115,4,03:12:18
1085,12,2140,2,00:43:33
1086,12,2145,1,22:21:15
1087,12,2146,1,00:08:34
1088,12,2147,2,00:59:02
1089,13,3,2,03:36:57
1090,13,16,1,01:24:42
1091,13,50,1,01:45:14
1092,13,57,1,02:01:44
1093,13,65,1,00:34:04
1094,13,66,1,01:30:40
1095,13,93,1,01:15:30
1096,13,103,2,03:18:06
1097,13,118,1,01:58:26
1098,13,121,1,00:48:46
1099,13,124,1,00:07:05
1100,13,135,1,02:10:22
1101,13,139,3,03:59:47
1102,13,159,2,21:38:04
1103,13,192,1,00:00:11
1104,13,213,1,01:37:10
1105,13,228,1,02:44:59
1106,13,265,1,00:34:38
1107,13,267,1,00:10:05
1108,13,292,1,00:37:42
1109,13,313,5,04:36:21
1110,13,354,1,02:37:37
1111,13,372,1,00:29:53
1112,13,395,1,02:09:27
1113,13,399,1,00:31:01
1114,13,401,1,02:22:02
1115,13,403,1,00:09:35
1116,13,410,1,03:14:26
1117,13,519,1,02:55:26
1118,13,535,1,02:12:56
1119,13,542,1,02:15:33
1120,13,568,1,01:38:22
1121,13,606,1,01:26:31
1122,13,608,1,00:02:39
1123,13,623,1,00:11:08
1124,13,625,1,02:02:53
1125,13,653,1,00:04:48
1126,13,656,1,02:07:15
1127,13,677,2,00:41:55
1128,13,728,2,01:51:42
1129,13,734,1,00:00:00
1130,13,737,1,03:31:15
1131,13,746,1,21:14:04
1132,13,751,1,00:00:16
1133,13,784,1,00:52:13
1134,13,790,1,01:29:41
1135,13,815,1,00:04:32
1136,13,841,1,00:16:37
1137,13,855,1,02:38:14
1138,13,874,1,00:00:12
1139,13,917,1,01:43:25
1140,13,953,4,02:10:14
1141,13,1017,1,01:57:13
1142,13,1030,1,00:03:16
1143,13,1053,1,01:55:15
1144,13,1086,1,01:35:34
1145,13,1116,1,01:58:56
1146,13,1130,1,02:54:29
1147,13,1147,1,02:22:49
1148,13,1149,2,02:57:53
1149,13,1159,1,00:51:27
1150,13,1160,1,00:27:54
1151,13,1178,1,00:36:39
1152,13,1189,1,00:06:54
1153,13,1199,1,00:43:20
1154,13,1233,1,00:03:31
1155,13,1266,1,00:13:23
1156,13,1272,1,01:31:26
1157,13,1277,1,00:28:26
1158,13,1309,2,00:45:28
1159,13,1322,2,02:00:03
1160,13,1359,1,03:41:37
1161,13,1371,1,00:12:32
1162,13,1421,4,06:23:17
1163,13,1455,1,00:11:13
1164,13,1464,1,01:44:54
1165,13,1471,1,02:07:00
1166,13,1505,1,01:28:54
1167,13,1567,2,02:12:46
1168,13,1572,1,00:00:52
1169,13,1607,2,33:31:49
1170,13,1629,1,02:20:56
1171,13,1665,1,13:47:40
1172,13,1677,1,-1:59:59
1173,13,1690,2,25:17:41
1174,13,1705,1,02:04:25
1175,13,1706,1,02:48:19
1176,13,1716,1,02:46:02
1177,13,1741,1,00:22:27
1178,13,1743,1,01:46:11
1179,13,1759,1,02:05:42
1180,13,1775,1,11:09:35
1181,13,1818,1,01:35:56
1182,13,1821,1,00:07:13
1183,13,1856,1,01:52:27
1184,13,1910,1,01:56:07
1185,13,1928,1,00:00:19
1186,13,1932,1,00:09:31
1187,13,1937,12,43:59:24
1188,13,1995,1,00:47:49
1189,13,2024,1,01:18:41
1190,13,2031,1,01:02:04
1191,13,2059,1,21:01:16
1192,13,2060,1,02:44:54
1193,13,2102,1,01:41:58
1194,13,2179,1,01:40:05
1195,13,2180,4,02:28:10
1196,14,37,1,01:49:24
1197,14,39,2,02:56:16
1198,14,60,1,05:35:09
1199,14,128,1,03:15:18
1200,14,129,1,02:01:46
1201,14,132,1,01:24:10
1202,14,156,1,10:55:06
1203,14,160,2,01:25:24
1204,14,165,1,01:17:44
1205,14,174,1,01:20:56
1206,14,186,3,09:24:31
1207,14,226,1,01:25:51
1208,14,236,2,01:26:29
1209,14,245,1,11:32:24
1210,14,270,1,02:03:00
1211,14,294,2,01:50:20
1212,14,295,2,01:16:41
1213,14,304,1,01:27:16
1214,14,309,1,01:27:58
1215,14,319,1,02:29:54
1216,14,349,1,00:31:08
1217,14,356,1,01:40:48
1218,14,360,1,01:27:13
1219,14,369,1,00:26:05
1220,14,442,1,00:06:02
1221,14,450,1,00:20:02
1222,14,451,1,00:25:47
1223,14,465,1,01:11:49
1224,14,467,1,01:14:44
1225,14,493,1,00:20:53
1226,14,548,1,01:18:40
1227,14,576,1,00:26:55
1228,14,598,1,01:37:08
1229,14,599,1,10:50:11
1230,14,627,1,01:15:32
1231,14,665,1,01:35:36
1232,14,679,2,02:00:20
1233,14,706,3,00:32:37
1234,14,718,2,02:07:04
1235,14,752,3,04:52:38
1236,14,783,1,01:39:41
1237,14,795,1,00:01:25
1238,14,816,1,01:40:24
1239,14,875,2,01:38:20
1240,14,879,1,01:54:20
1241,14,891,1,01:52:33
1242,14,923,1,01:30:48
1243,14,934,1,01:36:07
1244,14,946,1,00:00:53
1245,14,949,1,01:25:39
1246,14,996,1,01:19:06
1247,14,1002,1,03:26:09
1248,14,1010,1,00:00:16
1249,14,1034,1,01:59:49
1250,14,1040,1,14:35:40
1251,14,1076,1,01:26:19
1252,14,1114,1,06:55:11
1253,14,1166,1,01:25:36
1254,14,1181,2,01:34:45
1255,14,1188,1,01:26:59
1256,14,1211,1,01:43:24
1257,14,1224,1,00:58:33
1258,14,1234,1,01:35:25
1259,14,1278,1,00:25:54
1260,14,1291,1,02:01:09
1261,14,1295,1,00:21:52
1262,14,1306,1,00:00:42
1263,14,1330,2,01:37:01
1264,14,1356,1,01:28:44
1265,14,1358,1,02:56:23
1266,14,1374,1,00:42:35
1267,14,1392,1,02:10:14
1268,14,1420,2,01:25:32
1269,14,1422,1,01:53:46
1270,14,1430,1,02:03:59
1271,14,1433,1,01:54:55
1272,14,1442,1,01:58:19
1273,14,1485,1,01:49:16
1274,14,1538,2,30:49:20
1275,14,1545,1,01:26:12
1276,14,1547,1,01:21:53
1277,14,1548,1,12:15:01
1278,14,1566,1,02:25:35
1279,14,1603,1,12:07:13
1280,14,1612,1,00:26:42
1281,14,1613,1,00:00:09
1282,14,1614,1,01:21:04
1283,14,1619,1,01:25:38
1284,14,1649,4,04:25:32
1285,14,1665,1,01:25:23
1286,14,1675,1,00:00:04
1287,14,1681,3,01:27:50
1288,14,1730,1,00:00:45
1289,14,1737,2,00:05:12
1290,14,1739,1,01:31:34
1291,14,1748,1,00:01:15
1292,14,1779,1,01:57:06
1293,14,1790,1,01:27:25
1294,14,1802,1,01:33:34
1295,14,1808,1,01:08:54
1296,14,1884,1,01:42:57
1297,14,1893,1,01:43:38
1298,14,1912,2,03:50:46
1299,14,1930,1,00:49:03
1300,14,1943,1,01:39:49
1301,14,1953,1,00:06:41
1302,14,1954,1,01:26:55
1303,14,1979,1,01:53:32
1304,14,1987,1,02:08:43
1305,14,1991,1,00:00:33
1306,14,1992,1,01:36:13
1307,14,2015,1,16:16:10
1308,14,2033,1,02:03:42
1309,14,2062,1,01:27:44
1310,14,2098,1,01:35:54
1311,14,2141,2,01:41:29
1312,14,2150,1,00:01:11
1313,14,2163,1,01:30:14
1314,15,22,1,00:00:00
1315,15,36,1,00:00:00
1316,15,68,6,14:20:51
1317,15,164,2,01:29:03
1318,15,171,1,00:00:00
1319,15,179,1,02:07:06
1320,15,227,2,00:00:00
1321,15,229,1,01:15:29
1322,15,288,1,00:00:00
1323,15,289,1,01:27:56
1324,15,291,4,00:00:00
1325,15,318,1,00:00:00
1326,15,342,1,00:00:00
1327,15,344,1,00:00:00
1328,15,379,1,01:17:40
1329,15,392,1,00:00:00
1330,15,404,1,00:00:00
1331,15,430,1,00:00:00
1332,15,478,2,00:26:30
1333,15,498,2,00:00:00
1334,15,526,1,00:00:00
1335,15,545,9,00:13:14
1336,15,620,2,00:10:00
1337,15,624,1,00:00:00
1338,15,681,2,00:00:00
1339,15,693,2,02:55:34
1340,15,708,1,00:00:00
1341,15,717,1,20:32:25
1342,15,768,1,00:00:00
1343,15,778,1,15:38:31
1344,15,823,1,00:00:00
1345,15,829,1,00:00:00
1346,15,845,2,00:00:00
1347,15,871,1,00:32:19
1348,15,885,2,01:25:02
1349,15,902,1,01:21:40
1350,15,909,1,16:58:53
1351,15,922,1,00:00:00
1352,15,957,1,00:30:00
1353,15,961,1,00:00:00
1354,15,998,1,00:00:00
1355,15,1000,2,00:59:09
1356,15,1013,1,00:00:00
1357,15,1015,1,23:04:54
1358,15,1046,1,01:58:43
1359,15,1047,1,14:34:51
1360,15,1056,1,00:00:00
1361,15,1063,2,03:20:52
1362,15,1071,1,00:54:37
1363,15,1088,1,03:06:13
1364,15,1108,3,00:00:00
1365,15,1146,1,01:37:58
1366,15,1154,1,00:00:00
1367,15,1162,2,02:51:04
1368,15,1167,2,00:40:00
1369,15,1168,1,00:00:00
1370,15,1193,1,00:00:00
1371,15,1251,1,00:00:00
1372,15,1260,2,00:00:00
1373,15,1280,1,00:00:00
1374,15,1306,2,02:37:51
1375,15,1330,1,15:06:48
1376,15,1366,1,00:00:00
1377,15,1370,1,01:19:49
1378,15,1376,2,00:00:00
1379,15,1388,2,05:05:31
1380,15,1446,2,00:00:00
1381,15,1456,2,00:39:59
1382,15,1460,3,16:48:49
1383,15,1481,1,00:00:00
1384,15,1593,1,11:38:16
1385,15,1679,1,00:00:00
1386,15,1683,1,48:50:10
1387,15,1697,1,00:00:00
1388,15,1719,3,00:22:38
1389,15,1732,2,00:31:16
1390,15,1740,1,19:12:09
1391,15,1747,1,02:18:40
1392,15,1761,1,00:00:00
1393,15,1803,1,07:31:28
1394,15,1815,1,02:06:20
1395,15,1844,1,00:00:00
1396,15,1854,2,01:42:20
1397,15,1857,1,00:00:00
1398,15,1873,3,00:00:00
1399,15,1894,1,02:07:39
1400,15,1900,2,01:37:20
1401,15,1962,1,00:00:00
1402,15,1989,1,00:00:00
1403,15,2010,2,00:31:31
1404,15,2036,1,01:31:24
1405,15,2044,2,00:00:56
1406,15,2076,1,00:00:00
1407,15,2153,2,01:16:09
1408,16,31,2,00:00:00
1409,16,47,1,00:00:00
1410,16,75,1,11:19:56
1411,16,80,1,00:27:42
1412,16,112,1,00:00:00
1413,16,128,3,00:00:00
1414,16,129,1,05:36:05
1415,16,135,1,00:00:00
1416,16,172,1,12:53:07
1417,16,186,1,01:28:30
1418,16,212,1,01:39:43
1419,16,220,1,01:34:04
1420,16,235,1,01:43:50
1421,16,248,1,04:28:54
1422,16,293,2,15:25:30
1423,16,315,1,00:00:00
1424,16,338,1,00:00:00
1425,16,339,2,10:11:51
1426,16,352,1,00:00:00
1427,16,358,1,00:00:00
1428,16,362,1,00:12:38
1429,16,427,1,00:57:42
1430,16,468,1,18:12:22
1431,16,482,1,00:00:00
1432,16,484,1,00:00:00
1433,16,490,1,22:30:25
1434,16,541,2,21:49:59
1435,16,613,1,00:00:00
1436,16,665,1,00:00:00
1437,16,703,1,16:40:00
1438,16,711,2,09:10:31
1439,16,721,2,01:03:24
1440,16,748,1,00:00:00
1441,16,773,1,09:32:19
1442,16,780,1,00:00:00
1443,16,804,1,00:36:55
1444,16,805,2,11:17:57
1445,16,850,2,02:06:29
1446,16,857,2,07:30:49
1447,16,875,1,00:00:00
1448,16,904,1,00:00:00
1449,16,924,1,00:00:00
1450,16,954,1,19:30:25
1451,16,966,1,00:47:50
1452,16,967,3,19:55:31
1453,16,984,1,00:19:59
1454,16,994,1,00:00:00
1455,16,999,2,00:52:58
1456,16,1003,1,00:00:00
1457,16,1058,2,04:17:00
1458,16,1104,1,01:53:53
1459,16,1116,1,00:00:00
1460,16,1164,2,08:40:31
1461,16,1170,1,00:29:07
1462,16,1214,1,07:45:53
1463,16,1219,1,00:00:00
1464,16,1240,1,00:00:00
1465,16,1248,1,03:11:58
1466,16,1286,1,00:00:40
1467,16,1379,3,06:03:02
1468,16,1386,4,38:16:06
1469,16,1400,1,13:53:34
1470,16,1406,1,18:40:02
1471,16,1419,2,03:12:47
1472,16,1436,3,27:34:37
1473,16,1515,1,00:00:00
1474,16,1532,3,06:48:50
1475,16,1538,3,21:20:00
1476,16,1558,1,00:00:00
1477,16,1563,1,01:03:34
1478,16,1590,2,44:14:58
1479,16,1603,2,07:47:45
1480,16,1622,1,64:16:58
1481,16,1637,1,16:33:04
1482,16,1638,5,07:53:35
1483,16,1643,1,08:56:23
1484,16,1723,1,00:00:00
1485,16,1729,1,00:00:00
1486,16,1738,3,77:37:37
1487,16,1749,1,00:00:00
1488,16,1751,1,22:26:02
1489,16,1758,2,00:00:00
1490,16,1762,1,19:07:29
1491,16,1804,2,00:00:00
1492,16,1860,2,58:34:43
1493,16,1862,1,08:04:11
1494,16,1864,2,00:07:34
1495,16,1912,1,16:01:04
1496,16,1922,1,00:00:00
1497,16,1969,1,10:01:08
1498,16,1998,2,22:10:36
1499,16,2048,1,00:00:00
1500,16,2055,1,18:02:11
1501,16,2114,1,00:00:00
1502,16,2123,2,01:21:10
1503,16,2144,1,00:00:00
1504,16,2174,1,01:16:15
1505,16,2181,1,00:00:00
1506,16,2183,2,00:00:00
1507,17,2,1,00:00:38
1508,17,5,1,00:02:06
1509,17,9,3,00:01:30
1510,17,63,1,00:02:30
1511,17,77,4,00:07:00
1512,17,80,5,01:57:29
1513,17,95,1,00:00:47
1514,17,135,1,00:22:47
1515,17,174,11,01:59:51
1516,17,260,6,00:48:48
1517,17,288,4,01:45:52
1518,17,345,1,00:00:42
1519,17,414,2,00:01:13
1520,17,415,1,00:18:49
1521,17,565,3,00:02:53
1522,17,595,2,00:12:24
1523,17,607,2,01:59:06
1524,17,646,1,00:02:13
1525,17,652,1,00:00:29
1526,17,679,6,20:01:40
1527,17,751,1,00:04:57
1528,17,785,1,00:18:45
1529,17,899,1,00:01:41
1530,17,965,2,00:04:54
1531,17,1039,1,00:00:31
1532,17,1074,1,00:00:34
1533,17,1098,1,00:00:31
1534,17,1176,8,19:01:26
1535,17,1177,1,00:12:10
1536,17,1234,7,02:30:00
1537,17,1245,1,00:01:47
1538,17,1258,8,01:54:15
1539,17,1330,1,00:01:26
1540,17,1344,5,00:23:42
1541,17,1425,3,01:03:46
1542,17,1474,1,00:01:13
1543,17,1485,1,02:13:51
1544,17,1494,2,00:02:45
1545,17,1540,9,03:51:32
1546,17,1578,2,00:03:40
1547,17,1622,8,02:13:53
1548,17,1682,4,00:28:53
1549,17,1739,1,00:00:45
1550,17,1743,1,00:01:59
1551,17,1755,2,22:11:02
1552,17,1767,2,02:05:41
1553,17,1773,1,00:02:42
1554,17,2048,1,00:00:39
1555,17,2069,2,00:01:28
1556,17,2176,6,00:24:21
1557,18,175,2,00:08:45
1558,18,248,1,00:00:00
1559,18,315,32,60:17:43
1560,18,331,2,00:00:00
1561,18,335,2,00:20:00
1562,18,376,1,00:00:00
1563,18,422,4,00:00:00
1564,18,747,1,00:00:00
1565,18,750,1,00:00:00
1566,18,763,3,00:00:00
1567,18,857,3,00:00:00
1568,18,904,2,00:09:45
1569,18,915,2,00:00:00
1570,18,1113,13,02:22:13
1571,18,1156,2,00:00:00
1572,18,1211,1,00:00:00
1573,18,1255,2,00:00:00
1574,18,1379,2,00:00:00
1575,18,1454,5,00:00:00
1576,18,1532,18,49:42:01
1577,18,1577,2,00:10:00
1578,18,1615,1,00:00:00
1579,18,1619,9,00:00:00
1580,18,1724,1,00:00:00
1581,18,1762,2,00:08:22
1582,18,1787,15,00:41:51
1583,18,1862,1,00:00:00
1584,18,1891,1,00:00:00
1585,18,2055,7,00:21:24
1586,18,2167,1,00:09:50
1587,19,1,1,01:57:46
1588,19,54,4,00:00:17
1589,19,55,1,-1:59:59
1590,19,86,1,01:35:22
1591,19,146,1,25:59:05
1592,19,185,1,01:56:15
1593,19,249,2,02:37:03
1594,19,279,1,02:08:25
1595,19,302,1,00:55:26
1596,19,307,1,01:27:38
1597,19,385,1,01:53:19
1598,19,390,1,70:05:08
1599,19,431,1,01:40:09
1600,19,448,1,02:28:52
1601,19,459,4,01:38:29
1602,19,508,1,01:10:56
1603,19,519,1,01:54:16
1604,19,530,1,00:00:10
1605,19,533,1,02:15:52
1606,19,547,1,00:19:27
1607,19,559,1,19:00:10
1608,19,563,4,02:11:16
1609,19,584,1,00:08:31
1610,19,625,3,01:39:29
1611,19,636,1,01:54:24
1612,19,655,2,22:44:19
1613,19,673,1,00:00:06
1614,19,738,2,01:45:33
1615,19,744,1,01:48:49
1616,19,764,2,01:48:35
1617,19,782,1,00:06:01
1618,19,801,1,00:20:14
1619,19,809,1,01:50:14
1620,19,831,1,00:10:21
1621,19,854,6,01:13:31
1622,19,864,1,01:53:30
1623,19,866,1,24:23:03
1624,19,914,4,03:04:22
1625,19,951,1,00:00:51
1626,19,1042,1,01:46:33
1627,19,1078,3,00:16:32
1628,19,1079,1,01:21:15
1629,19,1084,1,01:37:53
1630,19,1112,1,00:00:13
1631,19,1141,1,01:28:47
1632,19,1153,3,67:15:42
1633,19,1220,3,21:51:05
1634,19,1298,2,01:48:59
1635,19,1309,6,05:03:28
1636,19,1324,1,00:00:06
1637,19,1372,2,01:19:27
1638,19,1385,1,15:21:56
1639,19,1390,1,01:33:55
1640,19,1415,1,02:33:08
1641,19,1504,1,01:44:10
1642,19,1522,2,00:03:02
1643,19,1524,1,02:09:21
1644,19,1542,1,01:40:50
1645,19,1560,1,01:33:58
1646,19,1572,1,02:09:35
1647,19,1641,1,02:04:09
1648,19,1642,1,00:35:42
1649,19,1691,1,00:00:07
1650,19,1716,1,02:10:54
1651,19,1756,1,17:28:56
1652,19,1765,6,01:54:02
1653,19,1772,1,01:00:38
1654,19,1789,1,00:10:46
1655,19,1818,1,00:00:14
1656,19,1855,1,01:36:08
1657,19,1872,1,00:00:22
1658,19,1903,2,03:41:34
1659,19,1911,1,18:10:43
1660,19,1928,2,00:00:23
1661,19,1936,1,01:40:07
1662,19,1975,1,21:48:15
1663,19,1982,1,00:00:09
1664,19,2009,2,23:56:24
1665,19,2039,1,01:54:39
1666,19,2052,1,00:01:52
1667,19,2067,1,01:56:23
1668,19,2081,1,02:02:09
1669,19,2105,1,22:45:45
1670,19,2113,1,73:49:29
1671,19,2152,1,00:12:49
1672,19,2158,1,01:43:10
1673,19,2188,1,00:23:10
1674,20,10,2,00:00:00
1675,20,33,1,00:00:00
1676,20,51,1,02:40:01
1677,20,126,1,00:00:00
1678,20,128,2,01:20:00
1679,20,188,1,02:00:00
1680,20,189,1,00:00:00
1681,20,195,1,00:00:00
1682,20,219,2,00:00:00
1683,20,227,2,00:00:00
1684,20,270,1,03:30:01
1685,20,300,1,01:30:01
1686,20,401,2,01:50:01
1687,20,425,1,00:00:00
1688,20,441,1,00:00:00
1689,20,448,2,00:10:00
1690,20,486,1,00:00:00
1691,20,494,2,00:00:00
1692,20,559,3,01:30:01
1693,20,569,5,03:03:31
1694,20,578,1,00:00:00
1695,20,579,3,00:00:00
1696,20,586,1,00:00:00
1697,20,616,1,00:00:00
1698,20,671,1,00:00:00
1699,20,687,1,00:00:00
1700,20,692,1,00:00:00
1701,20,695,1,00:00:00
1702,20,716,3,02:39:55
1703,20,759,1,00:20:00
1704,20,800,1,01:22:44
1705,20,804,2,00:30:01
1706,20,812,1,00:00:00
1707,20,827,1,00:08:23
1708,20,908,1,00:10:00
1709,20,934,2,00:00:00
1710,20,969,3,03:16:34
1711,20,992,1,02:48:13
1712,20,1035,1,00:00:00
1713,20,1075,2,01:43:03
1714,20,1115,1,00:00:00
1715,20,1134,1,05:20:07
1716,20,1148,2,04:30:01
1717,20,1158,2,02:12:18
1718,20,1221,3,02:00:00
1719,20,1265,1,00:00:00
1720,20,1270,3,00:50:00
1721,20,1275,1,01:47:00
1722,20,1302,2,01:40:00
1723,20,1309,2,00:00:00
1724,20,1319,1,00:00:00
1725,20,1333,3,15:37:30
1726,20,1334,1,01:20:00
1727,20,1337,1,00:00:00
1728,20,1367,3,02:50:01
1729,20,1444,1,00:00:00
1730,20,1467,1,02:20:00
1731,20,1493,1,00:30:01
1732,20,1504,2,00:00:00
1733,20,1523,3,01:10:01
1734,20,1527,1,00:00:00
1735,20,1536,1,00:00:00
1736,20,1564,2,01:00:00
1737,20,1574,2,00:00:00
1738,20,1583,1,00:00:00
1739,20,1589,1,00:00:00
1740,20,1592,1,00:00:00
1741,20,1627,1,00:00:00
1742,20,1653,1,00:00:00
1743,20,1668,1,00:00:00
1744,20,1674,1,02:40:01
1745,20,1713,3,00:00:00
1746,20,1750,2,00:00:00
1747,20,1777,3,00:50:01
1748,20,1817,2,02:30:01
1749,20,1841,1,00:00:00
1750,20,1858,1,00:00:00
1751,20,1875,1,00:00:00
1752,20,1950,1,02:00:00
1753,20,1994,1,01:26:15
1754,20,2010,1,00:00:00
1755,20,2019,3,00:41:51
1756,20,2025,1,00:59:31
1757,20,2044,1,00:00:00
1758,20,2185,1,02:00:01
1759,21,23,1,00:07:14
1760,21,27,1,01:49:57
1761,21,33,1,01:23:46
1762,21,46,1,01:15:26
1763,21,51,1,02:08:19
1764,21,88,1,01:19:48
1765,21,113,1,02:07:34
1766,21,128,1,05:03:02
1767,21,133,1,02:12:39
1768,21,188,2,04:03:51
1769,21,201,1,01:39:12
1770,21,209,1,00:00:10
1771,21,227,2,00:00:17
1772,21,258,1,00:00:03
1773,21,262,1,00:48:32
1774,21,271,1,06:00:00
1775,21,273,1,01:41:18
1776,21,281,2,00:01:05
1777,21,288,1,02:27:07
1778,21,290,2,02:02:43
1779,21,325,1,01:24:42
1780,21,329,1,02:34:06
1781,21,336,1,14:35:56
1782,21,355,1,01:34:02
1783,21,379,1,01:18:55
1784,21,401,1,01:30:51
1785,21,403,1,00:00:06
1786,21,420,4,01:52:08
1787,21,429,1,00:00:23
1788,21,440,1,00:00:13
1789,21,468,1,00:00:12
1790,21,472,1,01:49:49
1791,21,474,1,01:22:10
1792,21,506,1,02:05:52
1793,21,531,1,13:51:39
1794,21,540,1,03:29:45
1795,21,559,1,01:47:27
1796,21,569,1,01:39:14
1797,21,573,3,11:22:00
1798,21,654,3,01:52:05
1799,21,671,2,03:53:30
1800,21,699,1,00:00:10
1801,21,703,1,02:14:33
1802,21,752,1,01:40:25
1803,21,793,1,01:47:42
1804,21,808,1,06:03:05
1805,21,827,1,01:59:06
1806,21,856,1,07:39:07
1807,21,875,2,01:40:00
1808,21,881,1,10:26:55
1809,21,886,1,00:00:05
1810,21,892,1,01:50:19
1811,21,894,1,01:56:47
1812,21,934,1,01:42:44
1813,21,939,1,01:53:23
1814,21,1029,1,02:11:05
1815,21,1081,1,01:54:57
1816,21,1088,1,01:28:58
1817,21,1111,1,01:49:57
1818,21,1116,1,01:44:12
1819,21,1125,1,08:26:36
1820,21,1133,1,01:47:15
1821,21,1140,1,01:43:37
1822,21,1148,2,00:14:09
1823,21,1159,1,01:44:49
1824,21,1174,1,01:24:39
1825,21,1219,2,00:02:39
1826,21,1221,1,01:59:46
1827,21,1232,1,00:00:15
1828,21,1238,1,01:24:27
1829,21,1267,1,00:00:17
1830,21,1275,1,02:55:08
1831,21,1329,1,01:46:20
1832,21,1352,2,03:41:13
1833,21,1367,1,01:24:37
1834,21,1375,1,00:00:06
1835,21,1382,1,09:35:59
1836,21,1393,1,00:00:22
1837,21,1457,1,01:43:23
1838,21,1470,1,01:43:48
1839,21,1484,1,04:37:54
1840,21,1498,2,04:02:20
1841,21,1508,1,13:26:09
1842,21,1532,1,01:34:25
1843,21,1634,2,06:24:16
1844,21,1655,1,01:46:04
1845,21,1662,1,04:28:51
1846,21,1700,1,03:44:08
1847,21,1759,1,03:28:53
1848,21,1783,2,01:36:21
1849,21,1791,1,00:00:07
1850,21,1840,1,01:54:43
1851,21,1852,1,00:00:07
1852,21,1883,1,02:06:35
1853,21,1923,1,01:37:20
1854,21,1935,1,00:36:41
1855,21,1950,2,12:20:33
1856,21,2008,1,02:00:25
1857,21,2011,1,01:48:11
1858,21,2044,1,01:05:40
1859,21,2087,1,01:58:47
1860,21,2095,1,01:58:22
1861,21,2096,1,01:46:26
1862,21,2108,2,00:00:40
1863,21,2117,1,06:16:28
1864,21,2128,1,02:57:41
1865,21,2151,2,02:59:13
1866,21,2185,1,01:45:57
1867,22,17,1,00:01:48
1868,22,40,1,00:09:55
1869,22,44,3,01:51:36
1870,22,58,1,00:16:35
1871,22,72,2,00:00:25
1872,22,79,3,02:33:50
1873,22,90,1,00:02:02
1874,22,103,5,00:38:23
1875,22,109,1,01:16:20
1876,22,119,1,00:06:16
1877,22,120,1,00:00:45
1878,22,122,2,01:32:35
1879,22,155,1,00:16:54
1880,22,161,1,00:00:44
1881,22,169,1,00:33:26
1882,22,196,2,00:04:55
1883,22,230,1,02:38:20
1884,22,287,3,00:52:24
1885,22,323,1,00:06:13
1886,22,348,1,01:18:30
1887,22,424,3,01:39:04
1888,22,434,1,00:03:55
1889,22,444,2,00:05:10
1890,22,445,2,01:03:46
1891,22,499,1,00:14:55
1892,22,559,1,00:02:21
1893,22,604,2,01:11:52
1894,22,607,1,00:11:41
1895,22,628,2,00:21:14
1896,22,631,1,00:00:22
1897,22,644,1,00:01:12
1898,22,655,1,00:01:58
1899,22,657,1,00:19:51
1900,22,667,2,00:10:59
1901,22,669,2,00:42:25
1902,22,676,1,00:18:43
1903,22,720,3,17:52:58
1904,22,738,1,01:45:07
1905,22,754,1,00:21:01
1906,22,764,1,00:00:07
1907,22,766,1,01:01:09
1908,22,792,2,00:58:36
1909,22,911,1,00:54:03
1910,22,921,1,00:05:31
1911,22,935,2,00:05:19
1912,22,936,2,01:40:12
1913,22,951,1,00:05:23
1914,22,964,2,16:27:01
1915,22,967,1,02:04:08
1916,22,975,2,02:46:53
1917,22,1051,1,00:00:11
1918,22,1065,1,00:09:09
1919,22,1069,1,00:01:04
1920,22,1093,1,00:00:25
1921,22,1195,1,00:30:58
1922,22,1220,1,01:46:28
1923,22,1253,3,01:25:53
1924,22,1263,2,00:30:30
1925,22,1328,1,00:00:42
1926,22,1350,1,00:00:08
1927,22,1355,1,00:03:55
1928,22,1418,1,00:04:17
1929,22,1526,1,00:02:33
1930,22,1541,1,00:10:07
1931,22,1560,1,00:57:27
1932,22,1584,1,00:06:15
1933,22,1685,2,01:51:53
1934,22,1722,1,00:04:57
1935,22,1723,2,04:00:38
1936,22,1764,1,00:09:54
1937,22,1784,2,00:15:07
1938,22,1805,1,00:17:29
1939,22,1809,1,02:59:40
1940,22,1819,1,01:31:41
1941,22,1828,1,00:05:00
1942,22,1834,3,00:33:52
1943,22,1901,1,00:01:41
1944,22,1923,1,00:01:15
1945,22,1975,1,02:43:52
1946,22,1997,2,17:24:11
1947,22,2027,1,00:00:11
1948,22,2054,2,00:21:35
1949,22,2070,5,00:49:22
1950,22,2086,1,01:42:54
1951,22,2132,1,00:05:12
1952,22,2161,1,00:02:06
1953,23,42,1,01:25:43
1954,23,45,1,01:18:45
1955,23,67,1,02:03:46
1956,23,103,1,01:49:00
1957,23,114,1,02:13:35
1958,23,118,1,02:11:07
1959,23,121,2,02:38:33
1960,23,149,1,20:12:32
1961,23,159,1,02:20:01
1962,23,161,1,01:48:43
1963,23,171,1,01:24:54
1964,23,263,1,01:32:37
1965,23,271,1,01:32:19
1966,23,285,1,01:25:09
1967,23,288,2,22:18:09
1968,23,317,1,01:26:04
1969,23,323,1,00:04:27
1970,23,372,1,01:44:51
1971,23,375,1,01:46:34
1972,23,387,1,02:22:29
1973,23,410,1,02:00:27
1974,23,427,4,03:31:25
1975,23,468,2,01:37:10
1976,23,503,1,30:54:23
1977,23,537,1,01:41:16
1978,23,546,1,01:40:10
1979,23,574,1,01:38:29
1980,23,587,1,02:03:03
1981,23,607,2,01:25:49
1982,23,608,2,01:32:15
1983,23,656,2,21:32:26
1984,23,668,1,13:31:37
1985,23,703,2,09:15:53
1986,23,713,2,01:58:53
1987,23,719,1,03:05:10
1988,23,734,1,01:43:31
1989,23,748,2,04:05:45
1990,23,766,1,01:21:45
1991,23,776,1,01:51:24
1992,23,791,1,00:00:57
1993,23,810,1,02:20:35
1994,23,830,1,00:03:13
1995,23,839,1,01:53:05
1996,23,899,1,14:47:45
1997,23,907,1,02:12:34
1998,23,950,1,00:06:57
1999,23,994,1,02:39:07
2000,23,1061,1,01:44:51
2001,23,1078,2,01:29:49
2002,23,1121,1,00:01:52
2003,23,1147,2,00:06:29
2004,23,1159,1,00:00:45
2005,23,1187,1,01:36:26
2006,23,1213,1,01:48:47
2007,23,1261,1,02:01:35
2008,23,1288,1,01:30:36
2009,23,1323,3,03:52:39
2010,23,1396,2,03:37:29
2011,23,1404,1,02:06:32
2012,23,1434,2,00:42:57
2013,23,1483,1,00:28:12
2014,23,1538,1,00:00:19
2015,23,1542,1,01:35:28
2016,23,1546,1,21:54:36
2017,23,1565,1,00:01:27
2018,23,1573,1,01:14:20
2019,23,1585,1,01:27:53
2020,23,1607,7,18:43:14
2021,23,1628,2,02:09:22
2022,23,1636,1,00:01:07
2023,23,1723,4,06:07:24
2024,23,1728,1,00:00:16
2025,23,1743,2,02:13:41
2026,23,1753,4,27:16:39
2027,23,1759,1,00:27:00
2028,23,1785,2,03:32:28
2029,23,1824,1,00:39:56
2030,23,1863,1,00:14:41
2031,23,1876,2,01:45:10
2032,23,1879,1,01:31:02
2033,23,1929,3,03:54:57
2034,23,1936,1,02:11:20
2035,23,1964,2,16:54:29
2036,23,2031,2,05:22:46
2037,23,2065,1,01:30:23
2038,23,2124,1,00:35:08
2039,23,2170,1,01:39:19
2040,24,13,1,01:28:19
2041,24,29,1,12:56:46
2042,24,34,1,00:32:40
2043,24,99,1,01:51:24
2044,24,106,3,01:29:44
2045,24,153,1,01:29:09
2046,24,197,1,01:15:57
2047,24,214,2,01:52:01
2048,24,257,1,09:28:03
2049,24,337,1,19:17:12
2050,24,338,1,72:35:23
2051,24,342,1,56:25:43
2052,24,344,1,02:26:37
2053,24,454,1,02:07:28
2054,24,471,2,19:51:33
2055,24,476,1,20:26:56
2056,24,478,1,19:35:33
2057,24,480,1,00:17:30
2058,24,550,1,00:46:54
2059,24,634,2,20:48:27
2060,24,684,1,01:27:35
2061,24,688,1,19:23:21
2062,24,743,2,01:24:11
2063,24,818,2,00:46:06
2064,24,823,1,00:00:33
2065,24,856,2,01:39:39
2066,24,885,2,21:37:39
2067,24,891,1,00:39:41
2068,24,910,1,00:14:07
2069,24,943,1,00:06:06
2070,24,954,1,00:00:07
2071,24,957,3,02:12:07
2072,24,972,1,00:24:39
2073,24,992,1,01:08:38
2074,24,1006,2,01:03:56
2075,24,1036,1,00:00:29
2076,24,1041,1,22:23:07
2077,24,1049,1,00:47:28
2078,24,1076,1,00:12:08
2079,24,1103,1,00:01:23
2080,24,1108,1,40:04:09
2081,24,1154,1,01:13:10
2082,24,1165,1,00:08:03
2083,24,1184,1,00:21:46
2084,24,1215,1,01:17:46
2085,24,1258,1,01:59:57
2086,24,1309,1,-1:59:59
2087,24,1326,2,39:40:06
2088,24,1371,3,45:14:59
2089,24,1511,1,01:16:14
2090,24,1520,5,21:23:42
2091,24,1534,1,19:26:58
2092,24,1544,2,01:13:33
2093,24,1550,10,40:36:15
2094,24,1552,1,00:48:28
2095,24,1553,1,01:40:52
2096,24,1597,6,06:31:27
2097,24,1645,1,00:10:08
2098,24,1653,2,09:44:21
2099,24,1719,2,19:07:01
2100,24,1747,1,00:00:09
2101,24,1757,2,40:55:39
2102,24,1778,1,19:24:34
2103,24,1799,1,00:00:03
2104,24,1827,1,01:14:57
2105,24,1870,2,01:53:14
2106,24,1894,1,19:16:03
2107,24,1902,1,00:01:48
2108,24,1903,1,00:03:02
2109,24,1908,1,00:38:49
2110,24,1913,1,10:32:16
2111,24,1927,2,00:55:53
2112,24,1933,1,00:11:28
2113,24,1959,1,00:12:58
2114,24,1980,7,04:27:37
2115,24,1999,2,00:24:16
2116,24,2034,1,00:23:27
2117,24,2037,1,00:03:32
2118,25,35,1,00:02:26
2119,25,57,1,00:02:21
2120,25,73,2,00:31:57
2121,25,76,1,00:00:24
2122,25,123,1,15:05:04
2123,25,131,1,01:02:05
2124,25,145,2,15:17:37
2125,25,161,1,01:02:30
2126,25,162,1,00:00:09
2127,25,190,1,01:44:54
2128,25,194,1,00:28:41
2129,25,198,1,00:01:16
2130,25,211,1,00:04:02
2131,25,216,1,03:08:50
2132,25,246,1,01:28:14
2133,25,264,1,00:00:03
2134,25,279,2,02:00:42
2135,25,326,1,00:00:04
2136,25,340,1,00:02:23
2137,25,393,1,01:21:09
2138,25,400,2,01:09:58
2139,25,418,2,00:56:02
2140,25,502,1,00:08:06
2141,25,513,1,00:49:48
2142,25,563,1,00:00:53
2143,25,607,1,00:00:59
2144,25,628,1,00:00:22
2145,25,638,1,00:14:59
2146,25,643,1,00:11:03
2147,25,648,1,00:57:34
2148,25,655,1,00:00:07
2149,25,676,1,00:19:32
2150,25,683,1,00:48:40
2151,25,725,1,15:20:30
2152,25,726,1,00:06:04
2153,25,742,1,00:54:37
2154,25,757,1,00:33:49
2155,25,772,1,00:04:41
2156,25,787,1,00:00:50
2157,25,792,1,00:19:10
2158,25,821,2,02:01:57
2159,25,849,1,00:18:18
2160,25,863,1,00:00:23
2161,25,872,1,00:02:40
2162,25,873,1,01:25:24
2163,25,886,1,00:06:04
2164,25,920,1,00:03:27
2165,25,936,1,00:01:11
2166,25,950,1,00:16:31
2167,25,984,1,00:51:57
2168,25,1024,3,01:17:12
2169,25,1027,1,00:01:02
2170,25,1031,1,00:00:09
2171,25,1051,1,00:00:09
2172,25,1069,1,00:02:37
2173,25,1082,1,00:05:30
2174,25,1099,1,00:01:08
2175,25,1102,2,00:19:02
2176,25,1105,2,00:08:03
2177,25,1118,1,00:08:42
2178,25,1150,1,01:25:44
2179,25,1174,1,01:23:09
2180,25,1179,1,00:24:35
2181,25,1195,2,00:02:11
2182,25,1220,1,00:01:08
2183,25,1267,4,02:17:45
2184,25,1275,2,01:26:46
2185,25,1296,1,01:03:05
2186,25,1304,1,00:07:41
2187,25,1330,1,00:17:49
2188,25,1351,3,02:07:13
2189,25,1353,1,00:00:10
2190,25,1372,1,00:19:46
2191,25,1398,1,00:01:04
2192,25,1497,1,01:30:37
2193,25,1507,1,00:02:18
2194,25,1539,1,00:03:10
2195,25,1557,2,02:17:12
2196,25,1584,1,00:01:29
2197,25,1666,2,02:37:59
2198,25,1676,1,00:07:46
2199,25,1704,3,00:15:30
2200,25,1789,1,00:04:42
2201,25,1796,2,00:07:31
2202,25,1818,1,00:00:58
2203,25,1820,1,00:03:29
2204,25,1942,1,02:29:21
2205,25,1963,1,00:01:24
2206,25,2002,2,01:11:04
2207,25,2028,1,00:56:20
2208,25,2054,1,00:46:24
2209,25,2095,1,00:03:01
2210,25,2120,1,00:01:51
2211,25,2121,1,00:04:05
2212,25,2127,1,00:30:34
2213,25,2137,1,02:19:37
2214,25,2157,1,03:18:33
2215,25,2172,1,00:00:03
2216,26,12,1,00:00:00
2217,26,21,1,00:00:00
2218,26,41,1,00:00:00
2219,26,59,1,00:32:59
2220,26,115,1,00:00:00
2221,26,117,2,02:52:42
2222,26,138,3,188:18:30
2223,26,186,5,01:06:02
2224,26,187,1,46:48:00
2225,26,232,1,00:00:00
2226,26,253,1,00:00:00
2227,26,309,4,23:33:29
2228,26,345,3,00:00:00
2229,26,358,1,00:00:00
2230,26,404,1,00:00:00
2231,26,414,2,01:31:22
2232,26,419,1,46:48:29
2233,26,421,1,00:00:00
2234,26,443,1,47:06:40
2235,26,453,1,00:17:38
2236,26,514,2,01:00:35
2237,26,535,1,00:00:00
2238,26,552,1,00:10:01
2239,26,564,1,17:22:29
2240,26,595,1,00:28:49
2241,26,634,2,00:00:00
2242,26,705,2,00:00:00
2243,26,816,1,00:00:00
2244,26,867,1,00:00:00
2245,26,947,1,00:22:33
2246,26,974,1,28:35:13
2247,26,1046,2,00:00:00
2248,26,1048,2,00:00:00
2249,26,1074,1,02:48:36
2250,26,1138,1,00:00:00
2251,26,1177,1,00:00:00
2252,26,1190,1,00:00:00
2253,26,1243,1,02:00:00
2254,26,1250,1,00:00:00
2255,26,1278,1,02:13:28
2256,26,1283,1,00:00:00
2257,26,1307,1,00:00:00
2258,26,1323,1,00:00:00
2259,26,1340,1,00:11:03
2260,26,1341,1,10:53:29
2261,26,1342,2,00:00:00
2262,26,1387,3,00:00:00
2263,26,1422,1,00:00:00
2264,26,1425,3,15:29:14
2265,26,1448,1,00:00:00
2266,26,1477,1,00:00:00
2267,26,1578,2,04:30:36
2268,26,1581,1,00:00:00
2269,26,1658,3,00:00:00
2270,26,1672,1,00:00:00
2271,26,1691,1,15:47:21
2272,26,1742,1,00:00:00
2273,26,1748,3,02:35:33
2274,26,1774,3,00:00:00
2275,26,1799,1,00:15:53
2276,26,1822,1,43:50:08
2277,26,1824,3,01:26:41
2278,26,1866,1,00:00:00
2279,26,1898,2,01:37:45
2280,26,1909,1,00:50:00
2281,26,1914,1,00:00:00
2282,26,1944,1,00:00:00
2283,26,1959,1,00:10:39
2284,26,1984,4,43:31:01
2285,26,1990,4,10:21:28
2286,26,1999,1,00:00:00
2287,26,2010,3,03:14:39
2288,26,2014,1,00:29:59
2289,26,2016,2,47:42:36
2290,26,2018,2,24:15:19
2291,26,2103,1,00:00:00
2292,26,2139,1,00:00:00
2293,26,2155,1,01:30:00
2294,27,288,28,18:49:29
2295,27,1207,29,70:50:44
2296,27,1449,2,00:00:00
2297,27,1885,1,00:00:00
2298,27,2056,29,25:04:31
2299,27,2164,31,01:59:48
2300,28,8,1,48:04:14
2301,28,22,3,04:39:15
2302,28,63,1,00:16:46
2303,28,68,1,00:00:00
2304,28,118,2,20:41:13
2305,28,125,1,00:00:00
2306,28,275,2,00:00:00
2307,28,299,2,02:58:19
2308,28,315,1,00:50:00
2309,28,345,1,01:16:02
2310,28,380,1,00:00:00
2311,28,411,1,00:00:00
2312,28,446,1,00:00:00
2313,28,483,3,01:00:15
2314,28,484,2,00:14:10
2315,28,553,2,00:00:00
2316,28,642,1,00:00:00
2317,28,663,2,00:00:00
2318,28,672,1,00:00:00
2319,28,710,1,00:00:40
2320,28,773,1,00:01:41
2321,28,940,2,25:27:44
2322,28,972,1,00:00:00
2323,28,1008,1,02:10:24
2324,28,1013,1,00:00:00
2325,28,1046,2,00:00:00
2326,28,1110,3,00:10:00
2327,28,1234,2,00:34:17
2328,28,1250,3,04:58:30
2329,28,1271,5,40:02:21
2330,28,1286,1,00:00:00
2331,28,1290,1,00:00:00
2332,28,1340,1,08:35:40
2333,28,1422,2,00:59:12
2334,28,1433,1,01:30:00
2335,28,1501,3,03:54:37
2336,28,1507,1,00:00:00
2337,28,1520,2,15:33:06
2338,28,1532,1,11:24:15
2339,28,1548,1,00:00:00
2340,28,1644,2,00:00:00
2341,28,1679,1,00:00:00
2342,28,1683,2,01:07:10
2343,28,1689,2,03:32:50
2344,28,1701,1,00:00:00
2345,28,1707,1,14:31:19
2346,28,1719,8,05:47:06
2347,28,1735,2,00:11:49
2348,28,1780,1,00:00:00
2349,28,1787,1,00:00:00
2350,28,1799,2,00:00:00
2351,28,1803,1,01:18:13
2352,28,1825,2,00:10:00
2353,28,1839,2,00:00:00
2354,28,1854,1,01:37:19
2355,28,1862,1,00:00:00
2356,28,1871,1,00:00:00
2357,28,1872,3,42:05:51
2358,28,1908,2,01:30:00
2359,28,1989,2,01:47:41
2360,28,1999,2,00:00:00
2361,28,2010,1,02:00:05
2362,28,2014,5,44:38:42
2363,28,2036,1,00:00:00
2364,28,2046,1,00:46:56
2365,28,2069,1,01:20:00
2366,28,2114,2,00:00:00
2367,28,2164,3,48:27:45
2368,29,15,1,00:00:00
2369,29,24,1,00:12:14
2370,29,36,2,00:10:00
2371,29,58,1,00:00:00
2372,29,101,1,00:00:00
2373,29,109,2,01:19:58
2374,29,122,2,01:58:35
2375,29,167,1,267:25:55
2376,29,234,2,01:40:25
2377,29,261,1,00:00:00
2378,29,281,1,00:00:00
2379,29,303,1,00:00:00
2380,29,374,1,00:00:00
2381,29,387,1,00:00:00
2382,29,401,1,00:10:00
2383,29,403,1,00:05:21
2384,29,444,3,28:08:59
2385,29,447,1,01:15:07
2386,29,448,2,01:30:10
2387,29,463,2,00:39:51
2388,29,519,1,00:00:00
2389,29,521,1,00:00:00
2390,29,537,1,00:01:28
2391,29,550,1,00:20:00
2392,29,559,1,02:00:46
2393,29,621,2,03:08:42
2394,29,625,1,16:32:53
2395,29,647,1,00:00:00
2396,29,655,2,00:00:00
2397,29,668,2,01:20:59
2398,29,679,1,00:48:08
2399,29,737,1,00:06:10
2400,29,762,1,00:53:20
2401,29,814,1,02:20:00
2402,29,836,1,02:20:16
2403,29,855,2,03:29:13
2404,29,882,1,41:57:58
2405,29,891,1,00:00:00
2406,29,893,1,00:02:06
2407,29,914,1,00:26:29
2408,29,950,2,01:44:46
2409,29,953,1,01:45:58
2410,29,993,3,140:12:39
2411,29,1009,1,04:13:11
2412,29,1023,1,00:53:24
2413,29,1054,1,00:00:00
2414,29,1062,1,02:40:02
2415,29,1083,1,00:00:00
2416,29,1107,1,00:05:55
2417,29,1114,1,00:00:00
2418,29,1135,1,00:01:11
2419,29,1142,1,00:00:00
2420,29,1196,1,00:00:00
2421,29,1389,1,00:28:25
2422,29,1412,1,00:09:18
2423,29,1469,1,00:25:41
2424,29,1471,1,00:15:32
2425,29,1472,2,19:39:26
2426,29,1502,1,433:54:25
2427,29,1559,1,01:22:10
2428,29,1572,1,02:39:39
2429,29,1587,1,00:00:00
2430,29,1617,2,00:37:26
2431,29,1631,2,00:00:00
2432,29,1636,1,00:00:00
2433,29,1641,11,03:35:39
2434,29,1660,1,00:00:00
2435,29,1670,1,00:00:00
2436,29,1679,2,00:00:00
2437,29,1741,1,00:00:00
2438,29,1756,2,02:39:49
2439,29,1771,3,19:00:53
2440,29,1856,1,00:00:00
2441,29,1872,3,16:55:29
2442,29,1908,1,01:14:29
2443,29,1928,1,01:24:25
2444,29,2002,1,00:00:03
2445,29,2029,1,01:29:50
2446,29,2067,1,00:00:00
2447,29,2104,2,00:00:00
2448,29,2105,1,00:00:00
2449,29,2180,2,49:56:36
2450,29,2188,1,21:30:16
2451,30,2,1,00:00:52
2452,30,30,2,19:04:03
2453,30,38,1,00:00:00
2454,30,94,1,00:00:00
2455,30,135,2,00:29:56
2456,30,192,3,04:33:09
2457,30,313,2,00:00:00
2458,30,375,10,46:46:14
2459,30,516,1,00:00:00
2460,30,520,3,03:26:57
2461,30,588,12,25:35:07
2462,30,728,1,00:00:00
2463,30,737,6,43:37:41
2464,30,870,1,00:00:00
2465,30,924,5,46:48:06
2466,30,958,3,93:00:32
2467,30,987,10,42:22:59
2468,30,997,2,17:18:38
2469,30,1121,1,145:27:07
2470,30,1178,3,17:53:51
2471,30,1282,2,22:06:39
2472,30,1417,9,22:23:38
2473,30,1488,1,01:00:36
2474,30,1568,5,13:42:02
2475,30,1678,7,28:51:43
2476,30,1695,1,00:00:00
2477,30,1764,2,00:29:58
2478,30,1892,2,00:28:00
2479,30,2004,5,01:09:55
2480,30,2008,1,22:18:35
2481,30,2032,5,00:50:02
2482,30,2033,7,45:46:09
2483,30,2045,1,00:00:00
2484,31,11,1,00:03:18
2485,31,14,1,00:29:37
2486,31,70,2,00:05:25
2487,31,71,1,01:40:20
2488,31,102,1,00:14:17
2489,31,110,1,00:00:13
2490,31,130,1,02:09:22
2491,31,173,3,16:42:45
2492,31,193,1,00:00:29
2493,31,231,2,25:06:32
2494,31,266,1,00:09:43
2495,31,308,1,00:00:43
2496,31,320,1,22:54:35
2497,31,341,1,00:00:07
2498,31,350,1,26:41:03
2499,31,364,1,00:01:50
2500,31,381,1,00:09:09
2501,31,383,2,05:18:04
2502,31,423,2,01:42:02
2503,31,426,1,00:24:37
2504,31,494,1,00:00:20
2505,31,507,1,00:00:57
2506,31,515,1,00:00:41
2507,31,524,1,00:00:55
2508,31,543,1,75:17:11
2509,31,544,1,00:00:53
2510,31,552,1,00:00:41
2511,31,560,1,46:22:32
2512,31,570,1,01:57:20
2513,31,582,1,00:00:58
2514,31,616,2,00:02:54
2515,31,619,1,00:34:11
2516,31,627,1,00:00:41
2517,31,641,1,00:01:25
2518,31,696,1,00:01:09
2519,31,701,1,00:00:31
2520,31,709,1,00:00:07
2521,31,765,2,00:05:37
2522,31,824,1,00:01:15
2523,31,833,1,22:23:29
2524,31,860,1,00:11:00
2525,31,928,1,00:05:23
2526,31,941,1,00:03:20
2527,31,944,1,00:02:52
2528,31,970,2,02:07:16
2529,31,978,1,00:00:56
2530,31,1055,1,00:01:43
2531,31,1057,1,00:00:07
2532,31,1060,1,24:07:30
2533,31,1077,1,00:05:13
2534,31,1085,1,00:01:42
2535,31,1087,1,00:28:55
2536,31,1100,1,03:31:09
2537,31,1206,1,00:37:41
2538,31,1228,1,00:09:30
2539,31,1254,2,02:48:41
2540,31,1281,1,22:10:11
2541,31,1297,1,00:04:10
2542,31,1336,1,03:46:38
2543,31,1424,1,00:01:41
2544,31,1437,2,00:36:08
2545,31,1473,1,00:00:25
2546,31,1510,1,00:03:48
2547,31,1521,1,00:04:08
2548,31,1530,1,00:00:16
2549,31,1549,2,24:11:21
2550,31,1604,1,00:00:22
2551,31,1605,1,00:02:34
2552,31,1640,1,03:35:36
2553,31,1672,1,00:03:41
2554,31,1673,6,01:10:17
2555,31,1694,1,00:12:14
2556,31,1709,1,00:04:28
2557,31,1736,1,00:00:41
2558,31,1750,1,02:08:06
2559,31,1782,1,14:19:56
2560,31,1807,1,00:00:41
2561,31,1826,1,01:21:35
2562,31,1875,1,00:00:45
2563,31,1906,1,01:43:30
2564,31,1916,2,20:24:56
2565,31,1918,1,00:03:14
2566,31,1948,1,00:01:01
2567,31,1952,1,00:00:25
2568,31,1970,1,02:41:15
2569,31,2017,1,00:00:29
2570,31,2026,2,02:20:34
2571,31,2030,1,00:37:28
2572,31,2072,1,00:02:58
2573,31,2085,1,22:47:03
2574,31,2112,1,00:00:56
2575,31,2126,1,00:02:27
2576,31,2130,1,02:10:05
2577,31,2134,2,00:07:14
2578,31,2159,1,00:00:09
2579,31,2173,1,22:17:06
2580,31,2186,1,00:11:31
2581,32,39,1,00:00:00
2582,32,57,3,01:17:41
2583,32,101,1,00:01:18
2584,32,103,1,02:12:58
2585,32,114,1,00:00:00
2586,32,118,3,04:19:36
2587,32,134,1,00:00:00
2588,32,135,1,01:53:02
2589,32,139,2,14:06:14
2590,32,159,1,00:00:00
2591,32,197,1,00:00:00
2592,32,202,1,02:06:24
2593,32,215,1,00:00:00
2594,32,250,2,00:01:08
2595,32,294,1,00:00:00
2596,32,299,3,00:12:48
2597,32,313,1,00:11:54
2598,32,357,1,00:01:40
2599,32,418,3,00:00:00
2600,32,472,4,00:01:19
2601,32,499,1,00:00:00
2602,32,535,1,01:40:08
2603,32,566,1,00:00:00
2604,32,637,1,00:00:00
2605,32,719,1,00:01:08
2606,32,728,1,00:11:50
2607,32,734,1,00:00:10
2608,32,752,1,00:00:00
2609,32,806,1,00:00:00
2610,32,810,1,00:00:00
2611,32,839,1,00:00:00
2612,32,907,1,00:00:00
2613,32,916,1,00:00:00
2614,32,926,1,00:00:00
2615,32,1002,1,07:14:57
2616,32,1079,2,00:00:00
2617,32,1094,1,02:10:00
2618,32,1176,1,00:00:00
2619,32,1192,1,07:50:34
2620,32,1210,3,00:06:23
2621,32,1211,2,00:20:00
2622,32,1224,1,00:00:00
2623,32,1234,1,00:00:00
2624,32,1258,4,121:48:37
2625,32,1261,1,00:00:00
2626,32,1267,1,00:00:00
2627,32,1285,1,00:08:59
2628,32,1305,1,00:14:36
2629,32,1339,1,00:00:00
2630,32,1353,2,00:00:00
2631,32,1366,2,00:00:00
2632,32,1404,2,00:00:00
2633,32,1409,1,00:00:00
2634,32,1440,4,00:02:48
2635,32,1441,1,00:00:00
2636,32,1443,1,00:03:01
2637,32,1480,1,00:09:54
2638,32,1485,1,00:00:00
2639,32,1562,2,00:02:56
2640,32,1567,2,00:00:00
2641,32,1573,2,00:00:00
2642,32,1596,1,00:00:00
2643,32,1603,1,00:00:00
2644,32,1654,1,00:00:00
2645,32,1659,1,00:00:00
2646,32,1705,2,00:00:00
2647,32,1710,1,00:00:00
2648,32,1730,1,00:10:01
2649,32,1739,1,00:02:26
2650,32,1785,1,00:08:33
2651,32,1879,1,01:21:14
2652,32,1888,1,00:00:00
2653,32,1907,1,00:00:00
2654,32,1920,1,00:00:00
2655,32,1930,1,00:00:00
2656,32,1935,2,00:00:00
2657,32,1961,1,00:00:00
2658,32,1979,2,00:00:00
2659,32,2031,1,00:00:00
2660,32,2033,1,00:00:00
2661,32,2068,1,01:13:45
2662,32,2095,1,03:52:47
2663,32,2180,1,00:01:33
2664,32,2189,1,00:00:00
2665,33,61,1,00:00:00
2666,33,122,1,01:35:15
2667,33,129,1,01:36:29
2668,33,228,4,21:54:39
2669,33,238,1,00:00:00
2670,33,276,1,00:00:00
2671,33,311,1,00:54:15
2672,33,321,1,00:00:00
2673,33,332,3,18:19:32
2674,33,338,1,01:27:35
2675,33,339,1,00:00:38
2676,33,352,3,12:59:03
2677,33,358,1,00:00:00
2678,33,361,2,01:51:55
2679,33,375,1,00:09:59
2680,33,380,3,00:32:08
2681,33,388,1,00:00:00
2682,33,500,1,00:00:19
2683,33,573,2,00:00:00
2684,33,611,1,00:40:27
2685,33,629,2,01:03:50
2686,33,639,3,01:56:12
2687,33,673,2,21:57:45
2688,33,690,1,01:02:42
2689,33,694,1,01:37:41
2690,33,703,1,03:34:07
2691,33,719,1,04:20:06
2692,33,721,1,00:00:00
2693,33,733,1,01:01:32
2694,33,748,1,01:26:01
2695,33,780,1,00:00:26
2696,33,785,4,09:09:49
2697,33,791,1,01:52:19
2698,33,800,2,00:31:54
2699,33,811,1,06:47:11
2700,33,814,1,00:00:48
2701,33,825,3,19:08:16
2702,33,865,1,00:48:11
2703,33,874,2,02:24:49
2704,33,962,1,15:20:45
2705,33,966,1,00:00:13
2706,33,967,1,01:54:35
2707,33,1011,1,00:36:06
2708,33,1029,1,00:25:56
2709,33,1109,1,00:34:36
2710,33,1147,1,00:00:00
2711,33,1171,1,01:01:45
2712,33,1186,1,00:04:27
2713,33,1209,1,00:06:09
2714,33,1226,1,03:26:36
2715,33,1311,1,00:01:11
2716,33,1323,5,02:39:15
2717,33,1335,1,01:00:27
2718,33,1363,1,19:50:49
2719,33,1370,1,01:06:15
2720,33,1375,1,00:00:00
2721,33,1378,1,01:27:41
2722,33,1420,2,01:23:51
2723,33,1450,1,00:20:00
2724,33,1458,1,00:44:45
2725,33,1504,4,37:44:24
2726,33,1515,1,00:00:00
2727,33,1584,1,01:07:32
2728,33,1638,2,21:37:52
2729,33,1751,3,18:36:41
2730,33,1790,1,02:50:54
2731,33,1842,1,00:02:03
2732,33,1882,4,30:17:47
2733,33,1938,1,01:45:28
2734,33,1946,2,24:27:04
2735,33,1981,1,00:00:00
2736,33,1983,1,00:01:21
2737,33,2036,1,01:14:49
2738,33,2042,2,03:57:36
2739,33,2048,1,00:37:10
2740,33,2087,2,03:37:43
2741,34,4,1,01:30:11
2742,34,149,3,03:07:02
2743,34,150,1,00:00:02
2744,34,178,1,09:36:34
2745,34,180,1,00:00:32
2746,34,233,1,-1:59:59
2747,34,258,2,20:47:06
2748,34,312,2,02:11:17
2749,34,313,9,23:17:50
2750,34,409,1,00:03:29
2751,34,428,1,03:22:29
2752,34,449,2,112:15:35
2753,34,468,2,02:46:35
2754,34,472,2,02:45:45
2755,34,477,1,02:37:37
2756,34,491,2,27:37:53
2757,34,520,1,00:45:09
2758,34,524,1,00:15:16
2759,34,534,1,00:00:08
2760,34,539,1,107:37:17
2761,34,584,1,00:15:12
2762,34,635,1,08:16:54
2763,34,652,1,34:25:47
2764,34,655,1,01:21:51
2765,34,660,1,00:13:06
2766,34,712,3,18:54:33
2767,34,723,1,00:08:05
2768,34,738,1,00:32:44
2769,34,753,1,01:17:06
2770,34,757,1,03:43:01
2771,34,765,1,00:18:59
2772,34,790,1,00:07:29
2773,34,838,1,07:33:15
2774,34,839,2,00:02:51
2775,34,985,1,01:26:08
2776,34,1018,1,01:57:03
2777,34,1061,2,09:25:35
2778,34,1096,1,48:50:03
2779,34,1124,2,12:21:55
2780,34,1131,1,01:05:54
2781,34,1153,2,01:40:35
2782,34,1159,1,00:00:10
2783,34,1345,1,02:37:14
2784,34,1431,3,01:44:04
2785,34,1502,1,00:19:54
2786,34,1518,1,00:37:23
2787,34,1551,1,08:26:37
2788,34,1555,3,05:37:18
2789,34,1572,1,02:03:23
2790,34,1588,1,00:10:44
2791,34,1598,1,01:40:58
2792,34,1604,1,00:09:51
2793,34,1628,3,03:03:22
2794,34,1640,1,02:38:55
2795,34,1661,1,00:00:16
2796,34,1664,2,04:53:57
2797,34,1676,1,01:57:51
2798,34,1728,2,23:29:38
2799,34,1753,1,00:17:51
2800,34,1773,1,00:00:27
2801,34,1835,3,01:49:40
2802,34,1841,1,00:37:09
2803,34,1855,1,00:37:48
2804,34,1876,1,00:01:38
2805,34,1911,1,00:32:35
2806,34,1921,1,01:28:44
2807,34,1928,1,00:24:57
2808,34,1931,2,03:17:18
2809,34,1939,1,00:16:13
2810,34,1951,1,00:22:28
2811,34,1975,2,02:00:41
2812,34,2073,1,00:04:30
2813,34,2110,1,01:34:04
2814,34,2175,3,20:55:34
2815,35,60,1,00:50:52
2816,35,96,1,00:03:30
2817,35,175,1,00:00:00
2818,35,232,1,00:07:16
2819,35,256,1,00:58:47
2820,35,322,1,00:00:00
2821,35,334,1,00:00:00
2822,35,335,1,00:00:00
2823,35,341,1,00:00:00
2824,35,346,1,00:00:00
2825,35,352,3,47:57:15
2826,35,371,1,00:00:00
2827,35,439,1,01:20:00
2828,35,456,4,22:31:53
2829,35,465,1,00:01:26
2830,35,497,1,00:06:42
2831,35,520,2,00:00:00
2832,35,535,1,04:50:10
2833,35,552,3,64:56:02
2834,35,596,1,00:00:00
2835,35,659,1,00:03:57
2836,35,682,2,24:12:05
2837,35,732,1,00:00:00
2838,35,755,1,00:00:00
2839,35,760,1,00:01:37
2840,35,779,1,00:00:00
2841,35,780,1,00:00:00
2842,35,816,1,00:09:17
2843,35,898,1,00:00:00
2844,35,904,1,00:00:00
2845,35,941,7,56:51:26
2846,35,942,1,00:00:00
2847,35,954,1,00:00:00
2848,35,972,4,16:42:04
2849,35,976,1,00:00:00
2850,35,978,3,00:20:00
2851,35,1014,1,00:00:00
2852,35,1022,2,00:06:52
2853,35,1046,1,01:29:26
2854,35,1087,1,00:00:00
2855,35,1146,1,01:55:38
2856,35,1155,1,00:00:00
2857,35,1182,1,00:17:00
2858,35,1217,1,00:00:00
2859,35,1228,1,00:36:15
2860,35,1235,1,00:00:00
2861,35,1258,1,01:36:54
2862,35,1271,1,00:00:00
2863,35,1286,1,00:00:00
2864,35,1342,1,00:00:00
2865,35,1379,1,00:00:57
2866,35,1386,2,00:00:00
2867,35,1422,1,00:00:39
2868,35,1463,1,00:00:00
2869,35,1516,1,01:30:00
2870,35,1540,1,01:24:18
2871,35,1548,1,00:10:00
2872,35,1565,1,04:47:43
2873,35,1590,1,00:02:38
2874,35,1615,1,00:00:00
2875,35,1748,6,13:39:41
2876,35,1762,2,-1:59:59
2877,35,1847,1,00:00:00
2878,35,1959,1,06:31:42
2879,35,1977,2,00:00:00
2880,35,1999,5,80:55:38
2881,35,2006,1,00:00:00
2882,35,2036,1,00:00:00
2883,35,2112,4,68:13:40
2884,35,2126,1,00:00:21
2885,35,2139,1,00:00:00
2886,36,11,3,00:27:35
2887,36,69,3,00:00:00
2888,36,97,1,00:00:00
2889,36,127,2,00:10:00
2890,36,148,2,00:00:00
2891,36,177,3,00:00:00
2892,36,200,1,00:10:00
2893,36,310,2,00:00:00
2894,36,330,3,00:00:00
2895,36,333,2,00:00:00
2896,36,364,1,00:00:00
2897,36,365,2,00:07:10
2898,36,396,1,00:00:00
2899,36,481,6,00:19:59
2900,36,549,3,00:08:09
2901,36,552,3,00:00:00
2902,36,883,3,00:00:00
2903,36,885,1,00:00:00
2904,36,941,1,121:49:46
2905,36,963,1,00:00:00
2906,36,978,2,00:00:00
2907,36,995,1,00:00:00
2908,36,1014,1,00:00:00
2909,36,1066,1,00:00:00
2910,36,1087,1,00:23:34
2911,36,1154,2,00:10:00
2912,36,1180,13,02:20:45
2913,36,1228,8,00:03:26
2914,36,1274,2,00:35:18
2915,36,1387,3,00:00:00
2916,36,1427,3,00:00:00
2917,36,1575,3,00:00:00
2918,36,1624,1,00:00:00
2919,36,1653,3,00:09:39
2920,36,1672,4,00:00:00
2921,36,1709,2,205:48:33
2922,36,1748,3,20:34:45
2923,36,1760,2,00:16:33
2924,36,1870,2,00:00:00
2925,36,1873,1,00:00:00
2926,36,1976,1,00:00:00
2927,36,2011,1,00:00:00
2928,36,2159,3,44:54:02
2929,37,12,3,16:19:33
2930,37,20,2,02:25:50
2931,37,28,1,01:50:34
2932,37,100,2,02:58:49
2933,37,105,2,20:08:15
2934,37,108,2,00:31:18
2935,37,152,3,28:12:02
2936,37,166,1,00:29:50
2937,37,182,2,00:00:27
2938,37,191,2,17:27:25
2939,37,284,1,00:10:39
2940,37,297,1,01:43:15
2941,37,301,1,22:46:13
2942,37,363,2,00:08:33
2943,37,368,2,00:00:30
2944,37,382,1,03:57:33
2945,37,437,2,15:24:05
2946,37,438,1,00:19:52
2947,37,475,1,00:03:28
2948,37,487,2,02:05:42
2949,37,501,1,20:29:49
2950,37,561,2,12:52:32
2951,37,605,1,00:00:12
2952,37,689,1,16:27:24
2953,37,700,1,44:55:59
2954,37,765,1,-1:59:59
2955,37,796,1,00:36:33
2956,37,819,1,04:22:12
2957,37,844,1,00:00:14
2958,37,869,3,03:45:03
2959,37,895,3,01:54:09
2960,37,903,1,00:00:09
2961,37,909,2,21:46:55
2962,37,926,2,02:06:27
2963,37,930,1,03:15:59
2964,37,971,2,03:00:52
2965,37,974,1,00:18:37
2966,37,982,1,00:18:19
2967,37,991,1,00:00:48
2968,37,1167,1,01:57:51
2969,37,1172,1,00:00:10
2970,37,1175,1,03:07:07
2971,37,1197,3,03:39:22
2972,37,1202,1,20:46:31
2973,37,1236,2,00:25:37
2974,37,1310,1,05:08:04
2975,37,1357,2,00:00:20
2976,37,1368,2,22:27:03
2977,37,1369,1,00:00:08
2978,37,1413,1,06:31:05
2979,37,1439,1,01:49:31
2980,37,1487,1,00:05:17
2981,37,1490,1,00:06:13
2982,37,1492,2,00:00:38
2983,37,1591,1,18:38:32
2984,37,1680,2,19:46:38
2985,37,1712,1,06:40:03
2986,37,1731,2,02:01:45
2987,37,1845,1,03:18:48
2988,37,1849,1,02:33:00
2989,37,1881,1,00:06:25
2990,37,1895,1,16:59:25
2991,37,1947,1,26:22:04
2992,37,1956,1,01:49:34
2993,37,1972,1,00:00:17
2994,37,1974,1,00:00:07
2995,37,1993,2,04:44:28
2996,37,2093,1,00:28:21
2997,37,2135,2,00:00:18
2998,37,2165,3,02:10:03
2999,38,14,3,00:00:00
3000,38,31,1,00:00:00
3001,38,32,2,02:20:00
3002,38,71,1,00:00:00
3003,38,78,2,00:10:00
3004,38,128,1,00:00:00
3005,38,135,1,06:34:13
3006,38,178,2,00:39:55
3007,38,233,2,00:00:00
3008,38,352,1,00:04:34
3009,38,374,2,00:00:00
3010,38,380,1,03:00:01
3011,38,406,1,04:37:24
3012,38,469,1,00:00:00
3013,38,482,1,00:00:00
3014,38,494,1,00:00:00
3015,38,528,1,02:20:01
3016,38,541,1,00:00:00
3017,38,571,3,02:41:55
3018,38,573,1,00:00:00
3019,38,618,1,00:00:00
3020,38,685,1,01:00:00
3021,38,756,1,00:10:00
3022,38,799,1,02:20:00
3023,38,817,2,00:00:00
3024,38,894,1,00:00:00
3025,38,905,3,02:34:54
3026,38,927,1,00:00:00
3027,38,960,1,00:00:00
3028,38,978,1,01:10:00
3029,38,1022,1,00:00:00
3030,38,1060,1,00:00:00
3031,38,1087,1,00:00:00
3032,38,1141,1,00:00:00
3033,38,1158,1,03:21:30
3034,38,1183,2,00:00:00
3035,38,1237,5,02:30:02
3036,38,1254,2,00:20:00
3037,38,1325,1,00:00:00
3038,38,1445,1,02:30:01
3039,38,1461,1,00:00:00
3040,38,1479,1,02:05:58
3041,38,1482,1,00:40:00
3042,38,1514,1,00:00:00
3043,38,1537,1,00:00:00
3044,38,1549,1,00:00:00
3045,38,1588,4,00:00:00
3046,38,1598,1,00:00:00
3047,38,1650,1,14:41:33
3048,38,1663,1,00:00:00
3049,38,1696,2,00:54:47
3050,38,1702,2,00:00:00
3051,38,1725,1,00:00:00
3052,38,1759,1,00:00:00
3053,38,1815,1,00:39:59
3054,38,1832,1,00:00:00
3055,38,1851,1,00:00:00
3056,38,1855,2,00:20:00
3057,38,1872,2,00:00:00
3058,38,1889,1,00:00:00
3059,38,1919,1,00:07:19
3060,38,1940,1,00:00:00
3061,38,1970,1,00:00:00
3062,38,2017,2,00:10:01
3063,38,2021,1,00:00:00
3064,38,2043,1,00:00:00
3065,38,2051,1,00:00:00
3066,38,2059,2,00:00:00
3067,38,2071,1,00:40:00
3068,38,2083,2,00:00:00
3069,38,2085,1,03:40:02
3070,38,2126,2,02:00:02
3071,38,2187,2,00:10:00
3072,38,2188,1,02:06:34
3073,39,47,2,00:00:00
3074,39,48,1,00:00:00
3075,39,53,1,00:00:00
3076,39,96,1,00:00:00
3077,39,186,3,09:07:32
3078,39,251,2,12:34:27
3079,39,286,1,00:00:00
3080,39,303,3,19:46:07
3081,39,345,1,01:54:41
3082,39,352,2,00:00:00
3083,39,405,1,02:04:52
3084,39,512,3,00:00:00
3085,39,517,1,00:00:00
3086,39,577,2,00:00:00
3087,39,597,3,00:04:24
3088,39,627,2,25:57:43
3089,39,715,7,00:37:47
3090,39,739,7,02:49:10
3091,39,762,1,18:53:27
3092,39,780,4,02:31:51
3093,39,788,1,01:18:04
3094,39,897,5,147:22:04
3095,39,940,2,18:31:49
3096,39,966,2,23:47:25
3097,39,983,2,00:00:00
3098,39,1003,1,00:00:00
3099,39,1022,2,03:41:58
3100,39,1092,1,00:00:00
3101,39,1155,3,00:00:00
3102,39,1200,1,00:00:00
3103,39,1219,1,11:28:41
3104,39,1361,2,00:00:00
3105,39,1395,2,00:00:00
3106,39,1410,1,20:53:02
3107,39,1425,1,00:00:00
3108,39,1429,1,25:39:59
3109,39,1548,2,00:00:00
3110,39,1687,2,04:03:49
3111,39,1688,1,00:00:00
3112,39,1781,1,00:00:00
3113,39,1908,2,00:00:00
3114,39,1922,2,02:53:12
3115,39,1926,1,15:15:48
3116,39,1933,1,00:00:00
3117,39,1943,1,00:00:00
3118,39,1949,2,00:00:00
3119,39,1959,3,11:26:01
3120,39,1999,3,00:10:07
3121,39,2002,1,00:00:00
3122,39,2058,2,03:06:12
3123,39,2075,1,00:00:00
3124,39,2119,2,03:26:09
3125,39,2159,1,00:00:00
3126,40,38,1,13:15:27
3127,40,74,1,02:00:14
3128,40,91,2,02:10:51
3129,40,118,2,02:10:59
3130,40,137,1,00:04:52
3131,40,228,1,02:15:58
3132,40,250,1,00:01:08
3133,40,267,1,00:00:36
3134,40,290,1,00:01:59
3135,40,330,1,00:11:27
3136,40,357,1,00:00:50
3137,40,372,3,01:04:55
3138,40,395,1,00:00:06
3139,40,412,1,03:59:36
3140,40,457,1,00:01:31
3141,40,472,1,03:57:06
3142,40,488,1,00:01:24
3143,40,505,1,00:02:15
3144,40,519,3,01:45:00
3145,40,523,1,00:00:03
3146,40,552,4,01:37:53
3147,40,602,1,00:04:44
3148,40,617,1,00:20:35
3149,40,630,1,00:07:00
3150,40,640,1,00:01:14
3151,40,656,1,05:09:28
3152,40,714,1,06:38:50
3153,40,727,1,00:05:45
3154,40,728,1,01:50:28
3155,40,734,1,00:03:31
3156,40,736,1,14:06:20
3157,40,1077,1,00:13:02
3158,40,1103,1,00:01:48
3159,40,1147,2,00:03:02
3160,40,1159,1,00:01:04
3161,40,1177,1,00:13:33
3162,40,1208,1,17:43:25
3163,40,1301,1,00:08:55
3164,40,1348,1,00:26:05
3165,40,1354,1,00:02:14
3166,40,1366,1,25:02:05
3167,40,1387,4,46:10:46
3168,40,1390,1,00:01:32
3169,40,1431,4,01:08:16
3170,40,1464,2,58:27:40
3171,40,1586,1,00:02:00
3172,40,1602,1,08:38:26
3173,40,1620,3,15:00:10
3174,40,1649,1,00:00:46
3175,40,1672,2,40:39:54
3176,40,1692,1,00:17:47
3177,40,1717,1,00:13:29
3178,40,1727,1,00:04:09
3179,40,1748,8,11:31:48
3180,40,1753,1,00:00:09
3181,40,1759,1,01:47:38
3182,40,1761,1,00:00:33
3183,40,1823,1,00:01:39
3184,40,1841,2,14:46:22
3185,40,1856,1,160:38:33
3186,40,1887,1,00:01:40
3187,40,1890,1,01:08:15
3188,40,1907,1,08:16:42
3189,40,1917,3,00:22:06
3190,40,1965,1,00:02:16
3191,40,2033,1,00:01:42
3192,40,2068,1,08:44:24
3193,40,2072,1,00:02:08
3194,40,2110,1,00:00:07
3195,40,2142,2,05:24:06
3196,40,2171,1,00:00:46
3197,41,8,1,20:18:31
3198,41,33,1,01:34:51
3199,41,81,1,01:56:42
3200,41,86,1,01:27:36
3201,41,106,6,08:09:56
3202,41,127,2,19:12:11
3203,41,142,1,10:17:28
3204,41,238,4,20:53:19
3205,41,243,1,00:00:02
3206,41,283,1,18:45:11
3207,41,306,1,02:32:40
3208,41,342,1,01:47:27
3209,41,383,1,00:04:33
3210,41,466,2,00:15:47
3211,41,481,1,02:21:58
3212,41,506,2,03:17:31
3213,41,522,1,01:57:07
3214,41,536,1,00:03:02
3215,41,555,1,01:23:44
3216,41,567,1,00:02:36
3217,41,572,1,01:18:59
3218,41,580,1,00:58:55
3219,41,592,1,00:00:06
3220,41,640,1,00:00:13
3221,41,732,1,03:53:31
3222,41,735,1,02:01:55
3223,41,755,1,00:02:27
3224,41,773,1,00:21:21
3225,41,802,2,02:18:19
3226,41,840,1,00:52:38
3227,41,891,1,01:41:34
3228,41,915,2,25:54:27
3229,41,937,1,03:22:41
3230,41,942,2,02:09:03
3231,41,954,2,00:50:21
3232,41,986,1,01:52:33
3233,41,988,1,11:38:55
3234,41,1012,3,02:00:21
3235,41,1094,1,14:49:40
3236,41,1101,1,00:00:08
3237,41,1110,1,00:14:00
3238,41,1223,1,20:09:55
3239,41,1258,1,00:18:30
3240,41,1259,2,03:55:35
3241,41,1264,1,02:15:07
3242,41,1416,4,19:16:00
3243,41,1431,1,00:20:12
3244,41,1447,1,00:02:26
3245,41,1475,2,01:07:13
3246,41,1485,2,05:11:51
3247,41,1491,2,00:23:20
3248,41,1579,1,15:17:35
3249,41,1597,6,04:37:00
3250,41,1671,1,10:56:13
3251,41,1705,1,01:59:37
3252,41,1763,4,03:23:03
3253,41,1778,3,02:42:32
3254,41,1829,1,00:00:05
3255,41,1850,1,14:30:19
3256,41,1873,1,00:00:02
3257,41,1967,1,02:46:09
3258,41,1999,1,00:56:18
3259,41,2022,1,00:09:05
3260,41,2033,1,00:15:54
3261,41,2072,1,32:49:23
3262,41,2090,1,01:39:21
3263,41,2092,1,02:09:28
3264,41,2147,1,10:15:56
3265,42,16,1,01:50:00
3266,42,45,1,00:00:00
3267,42,55,1,00:00:00
3268,42,76,1,00:00:00
3269,42,118,1,60:56:30
3270,42,157,2,00:00:00
3271,42,183,1,00:00:00
3272,42,205,1,00:00:00
3273,42,275,1,01:29:59
3274,42,305,1,01:40:00
3275,42,306,1,00:00:00
3276,42,351,1,00:00:00
3277,42,357,1,01:40:00
3278,42,358,1,00:00:00
3279,42,372,1,00:00:00
3280,42,377,1,00:00:00
3281,42,395,1,00:00:00
3282,42,401,1,144:59:42
3283,42,413,1,01:16:02
3284,42,430,1,00:00:00
3285,42,431,1,00:00:00
3286,42,442,1,00:10:01
3287,42,462,1,01:40:00
3288,42,470,1,00:00:00
3289,42,512,2,01:50:00
3290,42,532,1,00:00:00
3291,42,534,1,01:54:51
3292,42,583,1,01:30:00
3293,42,584,1,01:30:00
3294,42,585,1,00:00:00
3295,42,589,1,00:00:00
3296,42,603,1,01:40:00
3297,42,640,1,00:00:00
3298,42,650,1,09:49:59
3299,42,656,1,01:40:00
3300,42,728,1,00:00:00
3301,42,734,1,01:31:17
3302,42,768,1,01:20:00
3303,42,786,1,00:00:00
3304,42,835,1,00:00:00
3305,42,851,1,00:00:00
3306,42,901,1,09:04:51
3307,42,931,1,00:00:00
3308,42,965,1,00:00:00
3309,42,1047,1,01:30:00
3310,42,1107,1,00:00:00
3311,42,1122,1,00:00:00
3312,42,1127,1,01:39:59
3313,42,1128,1,10:42:12
3314,42,1159,1,00:00:00
3315,42,1201,1,01:00:00
3316,42,1212,1,00:00:00
3317,42,1216,1,00:00:00
3318,42,1222,1,00:00:00
3319,42,1249,1,00:00:00
3320,42,1257,1,00:00:00
3321,42,1282,1,02:30:00
3322,42,1301,1,00:00:00
3323,42,1303,1,01:59:59
3324,42,1323,1,00:00:00
3325,42,1377,1,01:20:00
3326,42,1474,1,20:37:20
3327,42,1480,1,00:00:00
3328,42,1486,1,00:00:00
3329,42,1503,1,00:00:00
3330,42,1518,1,00:00:00
3331,42,1561,2,02:30:00
3332,42,1571,1,01:34:12
3333,42,1598,1,00:00:00
3334,42,1602,3,00:00:00
3335,42,1621,1,00:00:00
3336,42,1623,1,01:30:00
3337,42,1625,1,00:00:00
3338,42,1657,1,01:27:54
3339,42,1698,1,23:26:34
3340,42,1753,1,00:10:00
3341,42,1759,1,00:00:00
3342,42,1773,2,00:20:00
3343,42,1780,1,01:29:59
3344,42,1802,1,00:00:00
3345,42,1833,1,00:00:00
3346,42,1848,1,00:00:00
3347,42,1921,1,00:00:00
3348,42,1957,2,01:50:00
3349,42,1965,1,00:00:00
3350,42,1966,1,00:00:00
3351,42,1986,1,01:20:00
3352,42,2036,1,28:38:46
3353,42,2065,1,01:22:06
3354,42,2128,1,09:30:01
3355,42,2147,1,01:30:00
3356,42,2156,1,00:00:00
3357,42,2160,1,01:10:00
3358,42,2184,1,00:00:00
3359,43,8,8,00:00:25
3360,43,26,2,00:10:00
3361,43,29,2,382:15:29
3362,43,81,1,00:00:00
3363,43,143,1,27:04:10
3364,43,166,2,01:03:53
3365,43,181,2,45:02:57
3366,43,220,2,00:00:00
3367,43,251,2,47:44:43
3368,43,270,3,00:22:04
3369,43,441,1,00:00:00
3370,43,464,1,01:18:04
3371,43,531,1,00:00:00
3372,43,558,1,00:00:00
3373,43,568,1,00:00:00
3374,43,573,1,00:00:00
3375,43,606,1,00:00:00
3376,43,651,1,00:01:06
3377,43,680,1,00:00:00
3378,43,758,2,00:48:35
3379,43,827,2,71:37:31
3380,43,829,4,01:59:07
3381,43,853,1,00:00:00
3382,43,876,1,02:10:46
3383,43,913,5,00:00:56
3384,43,919,1,00:00:00
3385,43,925,1,00:00:00
3386,43,930,2,02:42:36
3387,43,1034,3,553:55:02
3388,43,1080,1,00:00:26
3389,43,1132,1,00:00:00
3390,43,1230,1,00:00:27
3391,43,1293,2,04:51:36
3392,43,1318,1,05:34:29
3393,43,1384,2,00:00:18
3394,43,1387,1,00:00:00
3395,43,1428,3,237:41:43
3396,43,1448,1,04:48:05
3397,43,1465,5,223:25:59
3398,43,1466,2,00:00:00
3399,43,1529,1,05:37:49
3400,43,1678,1,00:00:00
3401,43,1699,1,70:44:46
3402,43,1725,1,00:00:00
3403,43,1813,1,00:00:00
3404,43,1831,1,00:00:00
3405,43,1837,1,00:00:00
3406,43,1840,2,00:00:00
3407,43,1870,1,00:00:00
3408,43,1915,1,00:00:00
3409,43,1947,1,19:12:43
3410,43,1978,1,00:26:54
3411,43,1980,2,01:42:57
3412,43,1996,1,00:00:55
3413,43,2047,7,54:32:26
3414,43,2080,2,00:01:52
3415,44,2,1,00:00:00
3416,44,6,1,00:02:18
3417,44,48,1,69:42:41
3418,44,139,1,24:30:23
3419,44,148,3,26:03:14
3420,44,151,4,23:15:45
3421,44,168,1,46:26:42
3422,44,170,1,00:00:00
3423,44,187,2,00:00:00
3424,44,373,1,98:35:26
3425,44,391,2,71:53:25
3426,44,421,1,00:00:00
3427,44,503,1,00:00:00
3428,44,555,1,00:00:00
3429,44,609,1,00:00:00
3430,44,615,1,00:00:00
3431,44,661,1,15:11:45
3432,44,686,1,00:00:00
3433,44,722,2,25:08:30
3434,44,749,3,167:55:35
3435,44,809,1,00:00:00
3436,44,836,3,166:28:34
3437,44,853,1,00:30:00
3438,44,891,1,24:23:07
3439,44,906,2,00:00:00
3440,44,940,1,00:00:00
3441,44,958,1,00:00:00
3442,44,963,1,00:00:00
3443,44,973,1,00:00:00
3444,44,987,1,21:33:43
3445,44,989,1,00:00:00
3446,44,992,1,48:19:55
3447,44,1021,1,00:00:00
3448,44,1097,2,33:21:12
3449,44,1107,1,01:15:03
3450,44,1119,1,22:39:54
3451,44,1122,1,00:00:00
3452,44,1126,1,00:00:00
3453,44,1135,2,48:17:39
3454,44,1191,1,145:16:28
3455,44,1244,1,25:00:21
3456,44,1273,1,00:00:00
3457,44,1284,1,25:19:27
3458,44,1294,2,46:43:44
3459,44,1308,1,24:48:04
3460,44,1332,1,45:55:10
3461,44,1371,1,01:41:56
3462,44,1374,2,00:00:00
3463,44,1402,3,12:29:14
3464,44,1423,2,766:49:00
3465,44,1431,1,88:43:25
3466,44,1435,1,00:11:12
3467,44,1464,1,23:17:35
3468,44,1518,1,00:00:00
3469,44,1582,1,00:00:00
3470,44,1596,1,23:02:37
3471,44,1646,1,00:00:00
3472,44,1647,1,01:33:27
3473,44,1677,1,48:05:40
3474,44,1711,1,19:18:40
3475,44,1748,2,00:00:00
3476,44,1801,1,02:10:58
3477,44,1847,1,00:00:00
3478,44,1865,2,03:35:39
3479,44,1910,1,01:30:49
3480,44,1924,1,00:00:00
3481,44,1945,2,96:54:55
3482,44,1977,3,00:57:27
3483,44,1988,1,00:16:26
3484,44,2033,2,00:00:00
3485,44,2060,1,24:23:14
3486,44,2110,2,20:55:21
3487,44,2145,2,23:46:03
3488,45,9,2,02:03:40
3489,45,89,1,00:10:51
3490,45,153,2,04:12:04
3491,45,328,1,00:00:56
3492,45,404,2,00:03:07
3493,45,414,1,00:36:51
3494,45,468,3,11:39:10
3495,45,473,1,02:50:51
3496,45,517,2,00:18:21
3497,45,593,1,00:03:25
3498,45,595,6,13:53:54
3499,45,597,1,00:00:58
3500,45,771,1,03:05:55
3501,45,780,1,00:07:00
3502,45,834,1,00:00:13
3503,45,867,1,04:31:33
3504,45,1038,2,00:06:14
3505,45,1155,1,00:21:18
3506,45,1262,2,00:00:36
3507,45,1344,1,00:03:50
3508,45,1406,1,00:16:34
3509,45,1442,23,309:49:47
3510,45,1478,2,02:34:03
3511,45,1648,1,00:01:50
3512,45,1715,5,15:59:03
3513,45,1746,10,65:12:02
3514,45,1999,15,163:04:28
3515,45,2064,2,05:23:02
3516,45,2165,1,00:04:48
3517,45,2176,8,61:14:54
3518,46,118,2,00:19:59
3519,46,129,1,00:00:00
3520,46,133,4,00:00:26
3521,46,181,1,00:00:00
3522,46,206,1,00:00:00
3523,46,222,1,00:00:00
3524,46,228,1,00:00:00
3525,46,254,1,00:00:00
3526,46,265,1,01:39:58
3527,46,267,1,00:00:00
3528,46,268,1,00:00:00
3529,46,277,1,00:00:00
3530,46,292,1,00:22:53
3531,46,312,1,00:00:00
3532,46,336,1,01:19:40
3533,46,348,1,05:53:27
3534,46,395,8,02:28:20
3535,46,415,1,00:00:00
3536,46,436,1,00:00:00
3537,46,496,1,00:00:00
3538,46,502,1,02:23:32
3539,46,519,3,00:41:08
3540,46,537,3,09:39:17
3541,46,614,1,00:00:00
3542,46,626,1,01:41:16
3543,46,632,1,00:00:00
3544,46,723,1,00:00:00
3545,46,734,1,01:39:56
3546,46,748,2,01:35:37
3547,46,781,1,04:06:53
3548,46,791,1,00:40:00
3549,46,800,1,00:00:00
3550,46,810,1,01:59:57
3551,46,847,1,42:42:10
3552,46,887,1,00:00:00
3553,46,917,1,01:19:50
3554,46,952,1,00:09:50
3555,46,990,1,00:20:00
3556,46,1043,1,00:10:01
3557,46,1091,2,02:40:20
3558,46,1135,1,1725:37:49
3559,46,1147,1,00:00:00
3560,46,1234,1,01:33:49
3561,46,1244,1,00:38:00
3562,46,1252,1,00:00:00
3563,46,1282,1,00:00:00
3564,46,1314,2,00:12:45
3565,46,1323,3,00:48:53
3566,46,1343,1,02:44:53
3567,46,1359,2,00:00:00
3568,46,1404,1,00:00:00
3569,46,1408,2,05:55:37
3570,46,1451,1,00:00:00
3571,46,1453,1,00:00:00
3572,46,1455,1,02:29:08
3573,46,1469,1,07:41:50
3574,46,1506,1,00:20:00
3575,46,1524,2,03:10:34
3576,46,1554,1,03:22:01
3577,46,1628,2,20:21:15
3578,46,1651,1,00:00:00
3579,46,1693,1,08:00:27
3580,46,1728,1,00:00:00
3581,46,1743,1,00:00:00
3582,46,1759,1,02:09:57
3583,46,1795,1,00:00:00
3584,46,1799,1,00:00:00
3585,46,1864,1,00:00:00
3586,46,2057,2,43:57:53
3587,46,2067,2,01:41:56
3588,46,2081,1,00:00:00
3589,46,2109,1,00:00:00
3590,46,2172,1,00:00:00
3591,46,2189,1,00:00:00
3592,47,17,1,93:52:48
3593,47,37,1,12:29:25
3594,47,76,1,00:00:00
3595,47,77,1,00:00:00
3596,47,85,1,00:00:00
3597,47,92,1,01:47:07
3598,47,134,1,00:00:00
3599,47,149,1,18:24:59
3600,47,158,1,01:46:05
3601,47,202,3,00:00:00
3602,47,288,1,00:00:00
3603,47,305,1,00:09:56
3604,47,335,1,00:10:00
3605,47,377,1,00:00:00
3606,47,386,1,00:00:00
3607,47,401,1,00:00:00
3608,47,415,1,32:35:06
3609,47,450,1,00:00:00
3610,47,461,1,00:00:00
3611,47,512,1,00:00:00
3612,47,519,1,00:00:00
3613,47,520,1,00:00:00
3614,47,541,1,00:00:00
3615,47,566,1,00:00:00
3616,47,611,1,01:12:26
3617,47,649,1,00:00:00
3618,47,662,1,00:00:00
3619,47,664,1,00:00:00
3620,47,690,2,00:50:52
3621,47,706,2,00:00:00
3622,47,731,1,00:00:00
3623,47,752,1,01:44:13
3624,47,763,1,01:20:00
3625,47,776,1,00:00:00
3626,47,779,1,71:59:49
3627,47,837,1,00:00:00
3628,47,865,1,19:21:32
3629,47,890,1,65:42:33
3630,47,897,1,00:00:00
3631,47,904,1,00:00:00
3632,47,915,1,00:09:59
3633,47,933,1,00:00:00
3634,47,945,1,00:00:00
3635,47,1002,1,00:00:00
3636,47,1121,1,00:00:00
3637,47,1123,1,00:00:00
3638,47,1147,2,00:52:09
3639,47,1151,2,00:00:00
3640,47,1257,1,19:58:49
3641,47,1258,1,24:59:23
3642,47,1282,3,41:58:40
3643,47,1312,1,00:00:00
3644,47,1397,1,01:39:59
3645,47,1434,2,00:00:00
3646,47,1451,4,00:00:00
3647,47,1486,1,00:00:00
3648,47,1528,1,00:00:00
3649,47,1548,1,02:18:33
3650,47,1563,1,00:00:00
3651,47,1565,1,00:00:00
3652,47,1596,1,08:11:30
3653,47,1619,1,00:00:00
3654,47,1635,1,00:00:00
3655,47,1691,1,01:31:30
3656,47,1708,1,00:00:00
3657,47,1728,1,00:00:00
3658,47,1743,1,01:35:46
3659,47,1761,1,00:00:00
3660,47,1762,1,00:00:00
3661,47,1773,1,00:00:00
3662,47,1816,1,01:43:39
3663,47,1835,1,00:00:00
3664,47,1921,2,00:10:00
3665,47,1964,1,00:00:00
3666,47,1979,1,02:10:00
3667,47,2008,3,00:00:00
3668,47,2016,1,00:00:00
3669,47,2060,1,00:00:00
3670,47,2106,2,00:50:00
3671,47,2116,2,00:00:00
3672,47,2131,1,02:03:05
3673,47,2145,1,01:34:49
3674,48,4,1,00:00:00
3675,48,135,1,00:00:00
3676,48,147,1,00:00:00
3677,48,175,1,00:00:00
3678,48,206,1,00:00:00
3679,48,247,1,00:00:00
3680,48,303,1,00:00:00
3681,48,315,1,00:00:00
3682,48,327,1,08:16:40
3683,48,335,3,41:31:42
3684,48,375,3,05:18:51
3685,48,433,2,01:10:00
3686,48,436,1,00:00:00
3687,48,455,2,00:00:00
3688,48,490,1,00:00:00
3689,48,509,1,01:40:00
3690,48,599,1,03:30:00
3691,48,624,2,01:30:00
3692,48,645,1,00:00:00
3693,48,734,2,01:16:26
3694,48,747,1,01:10:00
3695,48,779,1,09:50:00
3696,48,791,1,00:00:00
3697,48,857,3,09:33:25
3698,48,879,1,00:00:00
3699,48,904,1,00:00:00
3700,48,924,3,04:58:17
3701,48,996,1,00:00:00
3702,48,1001,1,00:00:00
3703,48,1002,1,00:00:00
3704,48,1020,1,04:12:05
3705,48,1053,1,00:00:00
3706,48,1058,1,00:00:00
3707,48,1076,1,00:00:00
3708,48,1114,1,00:00:00
3709,48,1123,1,00:00:00
3710,48,1177,1,00:00:00
3711,48,1246,1,00:00:00
3712,48,1252,1,00:00:00
3713,48,1255,1,02:20:00
3714,48,1269,1,00:00:00
3715,48,1291,1,01:20:00
3716,48,1300,1,04:50:00
3717,48,1323,2,00:53:19
3718,48,1379,1,00:00:00
3719,48,1386,1,00:00:00
3720,48,1417,2,00:00:00
3721,48,1425,1,00:00:00
3722,48,1426,2,00:40:01
3723,48,1489,1,00:00:00
3724,48,1532,3,02:59:51
3725,48,1540,2,00:00:00
3726,48,1572,1,00:00:00
3727,48,1577,1,00:00:00
3728,48,1601,1,00:00:00
3729,48,1610,1,00:00:00
3730,48,1619,3,28:54:05
3731,48,1637,1,11:00:00
3732,48,1687,1,00:20:01
3733,48,1738,2,20:28:25
3734,48,1739,1,00:00:00
3735,48,1753,1,00:00:00
3736,48,1762,1,00:00:00
3737,48,1767,3,01:48:12
3738,48,1787,1,01:08:23
3739,48,1799,1,01:46:10
3740,48,1862,2,01:28:22
3741,48,1877,1,00:00:00
3742,48,1925,1,00:00:00
3743,48,1933,1,00:00:00
3744,48,1982,1,15:01:28
3745,48,2020,1,00:00:00
3746,48,2089,2,06:27:11
3747,48,2175,1,00:00:00
3748,49,64,1,01:58:10
3749,49,88,1,00:00:00
3750,49,116,1,01:16:32
3751,49,154,1,01:24:53
3752,49,167,1,01:40:00
3753,49,170,1,04:49:59
3754,49,204,1,00:00:00
3755,49,207,1,00:06:06
3756,49,218,1,00:00:00
3757,49,223,1,01:00:00
3758,49,239,1,00:10:00
3759,49,252,1,01:53:40
3760,49,259,1,00:10:00
3761,49,359,1,00:30:00
3762,49,386,1,00:00:00
3763,49,397,1,00:00:00
3764,49,422,1,01:30:01
3765,49,436,1,00:00:00
3766,49,447,2,00:00:00
3767,49,450,1,00:00:00
3768,49,460,1,00:00:00
3769,49,511,1,00:00:00
3770,49,557,1,01:18:16
3771,49,562,1,02:19:58
3772,49,585,2,01:20:01
3773,49,599,1,00:40:00
3774,49,669,1,02:04:41
3775,49,673,2,09:28:41
3776,49,675,1,01:50:00
3777,49,718,1,00:00:00
3778,49,740,2,01:57:39
3779,49,745,1,00:00:00
3780,49,755,1,00:00:00
3781,49,769,2,00:10:00
3782,49,774,1,00:00:00
3783,49,785,1,01:15:01
3784,49,816,2,01:38:29
3785,49,840,1,01:19:59
3786,49,865,1,00:00:00
3787,49,929,1,00:50:00
3788,49,967,1,01:56:01
3789,49,968,1,00:00:00
3790,49,1016,1,00:00:00
3791,49,1094,1,01:40:01
3792,49,1107,1,01:18:42
3793,49,1143,1,01:40:00
3794,49,1156,1,00:00:00
3795,49,1170,1,02:19:56
3796,49,1211,1,00:10:07
3797,49,1218,1,00:00:00
3798,49,1227,2,01:49:59
3799,49,1243,1,00:00:00
3800,49,1256,1,00:00:00
3801,49,1258,1,07:15:30
3802,49,1287,1,00:00:00
3803,49,1294,1,00:00:00
3804,49,1366,1,00:58:48
3805,49,1394,1,01:49:12
3806,49,1401,1,00:00:00
3807,49,1407,1,00:00:00
3808,49,1441,1,00:00:00
3809,49,1454,1,00:00:00
3810,49,1499,1,00:00:00
3811,49,1504,1,01:39:56
3812,49,1531,1,00:00:00
3813,49,1595,1,00:30:00
3814,49,1598,1,01:30:00
3815,49,1703,1,01:00:00
3816,49,1724,1,00:00:00
3817,49,1752,1,00:19:59
3818,49,1768,1,01:41:46
3819,49,1779,1,00:00:00
3820,49,1786,1,01:30:01
3821,49,1811,1,00:50:00
3822,49,1840,1,00:00:00
3823,49,1869,1,04:24:19
3824,49,1901,1,00:00:00
3825,49,1923,1,01:30:01
3826,49,1960,1,12:42:56
3827,49,1971,1,00:00:00
3828,49,2007,1,01:40:00
3829,49,2041,1,00:00:00
3830,49,2049,2,13:03:45
3831,49,2053,2,02:44:57
3832,49,2060,2,14:16:41
3833,49,2089,1,07:00:02
3834,49,2121,1,00:00:00
3835,49,2125,1,01:00:00
3836,50,3,1,02:11:41
3837,50,25,1,01:14:50
3838,50,57,1,01:27:46
3839,50,159,1,00:29:14
3840,50,221,2,01:28:42
3841,50,250,1,02:00:35
3842,50,263,1,01:59:21
3843,50,288,1,00:43:18
3844,50,313,1,02:17:27
3845,50,314,1,00:57:00
3846,50,338,3,07:54:22
3847,50,387,1,01:46:17
3848,50,401,1,01:31:51
3849,50,403,1,00:51:15
3850,50,529,1,02:10:31
3851,50,573,3,03:43:32
3852,50,656,2,49:29:56
3853,50,711,1,11:16:16
3854,50,806,1,70:57:20
3855,50,828,1,01:27:36
3856,50,843,1,00:00:14
3857,50,848,1,01:45:07
3858,50,896,1,01:27:25
3859,50,900,1,03:01:39
3860,50,904,2,04:28:36
3861,50,932,2,01:56:12
3862,50,967,1,07:48:12
3863,50,1032,1,49:53:57
3864,50,1037,1,65:00:15
3865,50,1095,1,01:15:05
3866,50,1116,1,01:21:54
3867,50,1125,1,04:32:17
3868,50,1133,4,13:16:22
3869,50,1160,1,01:49:13
3870,50,1229,1,01:32:52
3871,50,1238,1,01:48:35
3872,50,1263,1,01:21:18
3873,50,1276,1,00:00:05
3874,50,1282,1,05:06:31
3875,50,1293,1,01:41:34
3876,50,1304,1,01:00:51
3877,50,1414,2,04:51:09
3878,50,1419,1,00:19:35
3879,50,1464,1,01:41:59
3880,50,1495,3,03:36:36
3881,50,1537,1,00:36:11
3882,50,1538,2,18:49:46
3883,50,1542,1,00:18:53
3884,50,1556,1,02:27:47
3885,50,1559,1,00:00:06
3886,50,1596,2,03:14:45
3887,50,1600,1,00:48:01
3888,50,1628,2,02:49:01
3889,50,1643,1,01:45:32
3890,50,1751,1,00:32:29
3891,50,1753,3,08:20:53
3892,50,1759,1,01:21:51
3893,50,1766,1,00:09:24
3894,50,1790,2,29:23:09
3895,50,1835,3,48:25:30
3896,50,1899,1,00:00:14
3897,50,1907,1,04:29:14
3898,50,1932,1,00:10:03
3899,50,1934,1,01:37:22
3900,50,1955,3,19:08:13
3901,50,2005,1,00:12:27
3902,50,2057,2,03:13:21
3903,50,2084,1,01:46:40
3904,50,2088,1,02:27:10
3905,50,2133,2,01:28:21
3906,50,2183,1,00:14:28
