userID,videoID,favorite_time
25,1521,2018-06-07 08:52:17
31,2072,2019-03-22 21:11:58
15,1178,2017-04-12 05:59:04
30,523,2017-12-19 16:00:58
40,23,2019-11-03 06:04:37
13,954,2019-01-17 16:38:34
17,632,2019-11-19 09:07:26
9,1799,2018-01-25 08:15:30
26,1970,2018-07-24 13:34:26
28,1204,2017-07-09 21:55:24
20,1641,2017-10-06 14:35:38
32,715,2017-02-23 06:53:31
28,2027,2019-07-01 18:34:24
50,43,2019-08-16 02:53:41
41,695,2019-08-16 19:07:41
39,591,2017-12-22 03:33:19
37,1556,2017-11-28 06:32:13
27,182,2017-09-29 15:02:56
49,409,2018-07-10 06:03:18
20,2053,2018-04-27 12:52:57
48,1208,2018-05-07 15:44:21
14,1996,2019-03-03 16:38:50
24,1796,2019-04-30 04:22:30
17,1737,2019-06-01 00:31:54
35,534,2017-05-31 11:08:57
17,1162,2019-10-26 20:24:52
26,814,2019-04-17 10:57:40
41,1962,2018-07-12 22:33:12
4,476,2018-07-26 12:00:49
27,1516,2019-01-05 05:56:37
24,1787,2017-02-23 13:32:18
31,1118,2018-03-18 18:38:28
36,2124,2018-09-27 09:51:29
3,1348,2018-06-27 09:36:06
5,758,2018-01-02 23:38:32
5,1944,2019-03-02 00:19:25
41,587,2019-07-05 02:11:37
32,1595,2019-04-04 22:11:58
4,1237,2017-10-31 06:13:43
44,322,2017-08-20 12:45:37
41,2099,2017-04-06 06:58:58
9,1078,2018-08-18 01:36:57
27,407,2017-05-16 23:09:56
28,1114,2019-08-19 18:28:39
3,1261,2018-03-18 18:50:55
40,1841,2019-03-02 12:21:24
32,945,2019-10-13 14:53:13
32,76,2017-04-10 16:48:00
41,1612,2019-09-29 12:07:34
29,735,2017-10-06 22:27:27
12,1047,2017-06-17 21:45:57
24,1457,2019-01-14 20:44:08
4,584,2019-05-02 04:19:35
14,1489,2018-04-03 13:35:37
47,1703,2017-03-22 12:15:59
13,456,2019-02-14 07:25:50
14,2090,2019-08-22 13:34:52
40,1109,2017-03-28 00:24:11
17,1390,2017-07-21 14:24:57
19,1170,2017-03-06 08:42:10
37,2011,2017-11-01 01:00:46
28,1683,2018-10-17 21:31:45
19,380,2018-05-08 00:56:01
47,1581,2018-05-05 01:10:21
14,1349,2018-05-13 20:27:37
6,659,2019-10-27 05:00:34
12,2131,2018-01-24 21:29:57
43,1241,2019-06-26 19:28:14
38,1930,2019-09-20 17:42:36
6,441,2018-01-10 23:23:22
24,1630,2017-01-02 06:08:34
1,625,2019-01-28 07:53:26
17,1352,2018-08-16 01:47:28
28,1055,2017-06-11 05:41:36
41,1402,2019-04-06 11:52:00
12,877,2019-07-28 17:29:09
41,1736,2017-09-18 09:26:32
47,1557,2017-03-09 16:10:24
15,177,2019-02-11 11:51:56
47,1529,2019-08-22 02:45:18
45,546,2019-05-30 23:42:06
37,744,2018-04-26 12:53:16
4,1234,2017-06-14 06:06:12
43,1624,2017-01-18 03:39:19
21,1350,2017-11-18 17:39:21
47,1000,2019-01-21 00:54:30
24,599,2017-07-12 07:03:25
32,699,2019-10-23 12:44:37
27,1631,2018-08-01 13:24:12
48,1280,2018-02-01 00:26:36
45,970,2018-10-08 17:20:57
46,1255,2018-08-24 00:07:52
25,1516,2017-08-28 21:10:32
47,95,2018-06-09 08:03:44
15,1002,2019-12-17 19:04:31
12,106,2018-09-13 12:06:26
18,94,2019-03-07 07:13:10
5,739,2019-09-03 16:43:58
24,1305,2019-10-06 18:42:03
17,1009,2018-09-28 06:33:52
48,1258,2017-08-17 15:04:43
38,806,2018-12-26 00:56:05
17,1993,2019-03-03 14:19:40
24,1579,2018-11-23 01:00:03
48,310,2019-05-07 11:35:34
4,687,2017-12-24 14:59:27
3,1487,2019-08-29 13:08:46
9,966,2019-12-21 21:57:47
18,953,2019-05-18 23:18:10
40,1335,2018-03-23 16:56:31
40,906,2017-10-13 15:16:57
3,1024,2019-12-05 20:11:29
10,5,2018-07-03 07:18:58
14,1456,2017-10-30 13:09:43
37,132,2017-04-28 00:45:42
43,783,2019-08-20 13:42:53
37,1675,2017-01-31 00:26:50
28,1218,2018-03-28 00:12:59
27,564,2019-02-11 01:15:10
31,1898,2018-06-27 03:53:22
26,558,2019-12-13 15:08:32
37,146,2017-08-24 10:27:10
32,587,2019-11-03 17:39:48
18,1381,2018-06-09 13:58:18
31,603,2018-05-24 10:35:29
18,1745,2018-08-21 19:23:17
47,985,2018-09-28 05:38:05
5,1346,2019-12-19 05:52:52
5,1411,2017-04-15 14:07:38
47,2023,2018-07-13 04:47:05
14,1167,2019-03-06 23:22:46
26,400,2017-08-21 01:20:02
13,1869,2019-01-14 10:10:19
47,1203,2017-06-18 23:31:40
4,633,2018-02-01 14:22:50
48,932,2019-06-22 09:02:12
6,702,2017-06-01 11:30:36
37,1509,2018-08-22 04:52:20
32,1392,2018-01-19 02:03:57
13,1484,2017-07-05 09:28:12
18,784,2018-10-22 16:58:08
43,1212,2017-08-14 07:47:37
41,2106,2019-03-03 14:47:37
45,709,2017-10-09 02:39:19
32,1880,2019-11-05 13:44:01
27,105,2017-12-25 05:10:13
41,22,2018-12-21 18:37:37
31,1209,2019-02-19 11:43:29
15,114,2017-05-21 10:20:09
42,1844,2019-06-11 17:33:18
47,1568,2018-11-27 12:03:04
27,541,2017-12-25 15:17:30
48,832,2019-07-07 19:08:52
4,535,2017-02-04 22:55:31
15,1751,2018-06-10 07:36:40
38,332,2019-11-22 22:41:44
21,1186,2018-10-23 11:15:03
38,862,2017-02-13 10:38:11
9,1963,2019-09-21 11:37:39
24,1125,2017-12-09 20:39:48
18,126,2019-09-02 18:24:01
8,1038,2019-03-29 12:59:08
3,985,2019-03-15 20:30:52
13,1123,2019-06-20 10:33:16
25,1243,2019-12-16 08:17:00
49,726,2017-11-30 18:52:58
27,1244,2017-08-30 16:53:37
24,1674,2018-05-19 22:54:13
31,915,2017-06-16 07:16:09
20,492,2018-04-22 10:41:24
4,498,2017-05-10 22:59:03
9,1179,2019-04-03 22:56:31
5,505,2019-12-22 05:20:53
40,63,2017-12-24 17:33:38
37,1264,2018-10-17 16:38:07
12,82,2018-04-26 17:08:42
26,1930,2017-05-15 01:17:52
2,847,2019-07-08 11:10:08
45,1215,2018-03-16 00:52:33
3,2162,2018-11-01 10:53:28
19,1492,2018-08-28 21:54:49
17,611,2017-09-12 18:50:54
12,1095,2018-02-24 17:12:15
5,680,2018-09-18 23:40:46
42,1638,2018-01-18 12:34:12
28,1350,2019-08-14 01:12:18
20,876,2019-06-02 14:05:43
32,1409,2018-08-11 02:45:43
18,202,2019-08-15 09:43:17
46,1656,2018-01-03 20:24:03
5,1070,2017-10-24 05:07:13
17,356,2018-04-28 12:45:20
19,1538,2017-07-04 11:57:22
12,1284,2018-04-15 15:58:10
20,991,2018-01-23 15:32:37
41,893,2019-06-02 11:56:09
15,1978,2019-07-22 19:51:00
9,1533,2017-04-22 15:09:54
29,1969,2019-03-22 00:50:32
17,684,2018-05-11 18:39:17
28,1040,2018-06-09 15:53:16
7,1177,2017-06-01 02:14:13
21,2078,2018-03-10 17:23:31
13,2005,2019-08-30 00:54:11
31,446,2019-08-26 14:42:19
17,716,2019-06-29 08:57:16
46,189,2018-03-07 14:50:47
20,68,2017-03-24 13:11:49
25,832,2018-05-11 06:05:30
43,515,2018-03-24 19:57:58
2,731,2018-02-17 18:58:37
24,1529,2017-09-01 14:51:35
43,621,2019-10-20 17:38:40
18,1810,2019-04-02 18:50:22
38,790,2018-01-13 05:22:20
28,306,2017-02-10 00:22:13
8,2163,2018-04-22 10:38:37
46,773,2017-01-27 05:22:42
50,593,2018-10-19 11:00:46
15,1957,2018-01-29 11:09:01
3,1742,2019-03-04 16:29:56
15,620,2018-02-05 11:11:51
48,1248,2017-10-12 00:40:12
9,1387,2019-01-10 09:04:33
5,92,2018-03-23 23:21:44
12,2055,2017-10-23 20:02:07
40,164,2017-07-17 17:11:42
3,55,2018-10-17 03:48:48
13,1571,2019-03-24 17:01:04
26,1375,2018-04-08 17:35:35
46,1914,2017-01-27 17:41:55
20,575,2017-08-28 19:53:21
31,2161,2019-04-08 08:46:46
46,2153,2017-07-04 08:13:33
15,519,2017-04-23 12:53:37
6,548,2019-10-10 09:50:25
31,532,2018-04-11 03:05:43
18,2121,2017-08-10 09:30:17
31,282,2018-08-02 14:31:26
15,43,2019-04-21 12:38:39
26,1169,2019-03-20 15:37:29
17,60,2018-11-01 06:00:17
39,1362,2017-02-13 04:15:12
3,1366,2019-10-04 01:24:14
25,1495,2019-06-08 00:59:11
9,1146,2018-06-29 16:30:55
38,335,2019-07-21 19:08:16
13,223,2018-01-31 14:40:48
26,1938,2018-09-20 01:38:35
49,2182,2018-06-02 12:40:18
13,1961,2017-03-12 04:16:23
19,1954,2017-09-13 08:49:31
32,778,2019-11-09 22:35:05
20,1687,2018-03-08 08:33:04
49,2025,2017-11-05 04:37:56
49,2063,2018-12-13 09:43:56
41,1931,2019-01-25 18:01:25
19,2173,2019-05-20 08:22:43
41,1390,2017-08-23 21:55:11
13,484,2019-12-19 04:32:07
7,1966,2018-07-31 09:42:33
18,1922,2019-08-30 14:45:43
9,567,2019-07-31 12:24:02
14,32,2017-04-05 07:14:29
7,1027,2019-03-22 05:04:16
43,456,2017-01-26 02:19:54
38,921,2019-04-13 13:59:15
48,1625,2019-03-20 08:36:02
31,1583,2017-12-09 23:57:32
45,1340,2018-06-16 09:40:04
47,1473,2019-12-28 22:59:52
48,1538,2019-02-21 15:32:55
5,1984,2018-08-03 07:06:24
20,512,2017-09-08 22:21:10
23,663,2019-12-15 12:53:18
29,991,2017-05-17 12:55:37
27,98,2017-05-19 12:17:07
19,133,2017-08-01 09:27:16
28,593,2018-02-10 14:13:07
4,1049,2019-05-02 16:06:29
17,1318,2019-02-07 01:17:08
41,1981,2019-11-06 20:15:36
20,1651,2019-09-23 22:30:08
21,338,2017-10-26 01:49:56
32,1503,2017-10-13 21:55:20
24,1042,2017-07-05 21:43:40
26,630,2018-12-28 00:41:17
43,1332,2018-06-29 05:25:28
39,372,2019-05-15 06:11:24
3,612,2018-09-28 01:12:05
4,921,2019-03-27 03:58:09
9,699,2019-05-18 02:57:26
1,1460,2017-01-30 14:24:30
50,120,2019-10-16 01:15:56
1,171,2018-08-09 20:54:07
4,750,2018-08-05 06:24:11
8,1306,2019-04-23 09:14:41
14,1330,2018-12-29 11:43:04
39,1483,2017-02-09 18:29:13
48,2082,2017-06-07 17:37:33
43,1662,2018-10-18 15:48:52
47,2185,2017-04-22 03:56:21
20,1646,2018-07-27 20:22:56
43,2163,2017-09-24 06:46:01
47,769,2018-08-29 21:01:59
40,1800,2019-11-21 21:24:57
12,365,2019-04-03 19:23:06
23,1951,2017-10-12 21:49:50
9,1655,2019-07-19 02:24:28
13,1695,2017-01-23 03:55:33
19,1512,2019-11-06 07:45:46
37,52,2017-10-06 04:15:15
25,1960,2018-12-03 04:25:22
42,1994,2017-07-27 20:36:59
9,835,2017-10-24 23:42:29
5,1629,2019-06-27 18:18:41
13,1819,2017-02-05 18:14:04
8,2089,2019-10-08 17:38:59
46,71,2019-05-30 22:48:33
32,2130,2018-02-10 04:12:32
3,1113,2017-10-04 05:41:17
39,96,2019-05-02 17:50:28
20,1468,2017-01-20 21:31:43
50,2060,2018-03-31 05:40:37
43,579,2019-01-31 00:20:09
24,1905,2017-07-20 09:28:50
24,602,2018-03-22 05:34:14
32,1803,2017-07-11 00:14:52
32,31,2017-11-18 05:56:45
3,540,2019-12-25 23:01:18
18,1602,2018-04-08 08:08:41
25,345,2019-01-16 23:04:04
6,2089,2019-04-16 00:45:35
38,345,2017-08-11 21:04:13
31,1162,2017-08-11 01:29:53
17,1571,2019-06-11 05:10:04
41,483,2017-11-05 22:07:55
3,3,2019-06-17 10:28:53
14,2174,2017-05-02 17:29:53
13,996,2019-12-17 23:58:37
9,1038,2017-10-07 22:57:22
47,929,2018-12-06 04:51:04
13,716,2018-05-05 08:05:33
8,1307,2019-01-05 01:43:31
3,1795,2019-03-23 20:01:25
40,1136,2019-04-17 03:52:44
32,1278,2019-11-14 20:11:23
5,290,2018-09-23 18:29:14
1,1779,2019-12-12 22:54:19
39,1581,2017-09-28 13:16:28
20,1707,2019-09-30 17:37:46
3,1597,2019-03-03 23:00:20
47,877,2018-09-10 22:40:14
37,610,2019-10-23 05:49:58
32,1928,2017-01-06 12:45:34
8,1470,2017-08-17 08:02:49
45,589,2017-01-25 05:18:36
17,1656,2017-03-02 18:54:03
42,1320,2019-08-08 22:26:07
15,333,2019-08-28 09:10:56
40,1067,2017-04-08 01:50:46
46,789,2017-01-15 10:56:39
36,927,2017-01-22 22:39:10
34,1267,2019-04-02 07:04:46
32,1269,2018-06-07 08:20:18
43,1348,2017-08-13 19:13:44
37,682,2019-10-14 01:42:52
50,1539,2017-10-15 02:15:51
32,396,2018-09-30 11:56:18
14,1459,2018-09-06 14:27:51
14,283,2018-11-06 23:12:11
22,820,2019-09-10 01:13:22
35,1170,2017-11-28 22:44:36
48,950,2018-11-12 20:52:01
39,125,2019-03-23 09:39:41
18,1227,2017-12-06 16:29:54
28,1537,2018-11-17 04:30:47
27,74,2018-09-04 20:39:32
25,1228,2017-04-10 03:09:27
14,544,2018-07-18 00:08:58
31,1683,2019-10-22 18:19:36
5,549,2018-05-02 07:24:21
9,1982,2017-04-12 00:55:44
4,769,2019-02-09 23:01:38
32,1915,2019-01-15 21:54:21
32,424,2018-07-21 02:52:06
32,1034,2017-06-22 15:48:00
1,1883,2017-01-19 10:28:22
43,450,2019-04-23 06:14:06
49,2158,2017-07-09 04:00:59
15,766,2017-09-11 06:50:34
17,1331,2018-01-05 07:56:12
31,550,2018-04-16 01:32:15
18,708,2018-08-19 03:15:06
15,1117,2018-01-21 04:13:40
24,606,2019-05-02 09:10:24
43,750,2019-10-29 17:23:58
14,507,2017-06-02 04:02:57
17,2039,2017-06-05 09:07:49
46,53,2017-01-19 14:26:30
23,1570,2019-08-09 20:58:14
35,1957,2019-07-10 02:27:46
26,895,2017-01-02 16:17:18
20,909,2018-07-27 02:52:37
43,526,2019-05-26 06:11:43
4,1054,2017-02-27 10:08:50
39,1351,2019-10-10 20:24:05
30,1390,2018-04-19 01:15:42
4,1271,2019-01-09 01:06:50
48,2045,2018-03-01 07:56:31
27,2147,2018-04-23 15:11:41
46,1087,2019-06-05 22:03:28
4,850,2017-08-18 19:35:19
31,2171,2017-09-30 01:44:08
40,1738,2019-04-14 03:56:49
46,795,2019-08-11 14:20:08
38,1008,2017-10-19 16:20:17
43,1976,2018-12-17 00:50:00
32,989,2018-01-25 04:39:56
20,1899,2018-12-06 20:35:59
46,778,2019-07-11 16:23:59
9,598,2018-10-24 23:15:03
20,1082,2019-12-17 20:50:28
24,932,2018-11-19 00:44:29
50,1411,2019-01-04 13:58:47
15,2106,2017-08-25 17:12:45
25,1518,2017-07-29 08:16:21
14,348,2018-12-21 21:38:23
23,711,2017-12-01 07:43:24
17,2113,2018-10-18 04:30:21
14,559,2018-10-31 13:30:13
32,1521,2017-04-10 14:00:10
3,1816,2019-10-30 18:15:55
49,966,2018-01-07 13:35:32
42,575,2018-03-29 21:57:08
26,475,2018-08-28 06:54:34
45,259,2019-04-12 04:08:26
32,1662,2019-10-01 02:43:26
41,1903,2019-09-11 02:42:00
13,81,2018-06-24 14:23:41
10,553,2019-05-06 01:57:35
28,192,2017-12-06 19:03:24
31,1808,2018-09-17 14:12:22
4,1068,2017-04-07 12:55:33
28,150,2019-03-08 07:40:06
31,2101,2017-08-20 22:23:19
3,1918,2018-08-28 07:56:49
41,1270,2018-05-05 06:14:28
44,1493,2019-08-11 04:13:49
37,2047,2018-08-27 14:40:03
28,674,2018-09-24 00:03:05
31,1522,2017-09-07 21:20:31
5,99,2019-11-16 06:45:06
37,147,2019-01-04 20:12:42
12,341,2018-04-03 04:16:17
26,564,2019-04-12 18:44:27
50,1322,2019-07-19 18:41:44
41,82,2017-12-17 09:01:19
32,293,2018-07-06 23:55:39
39,303,2017-07-08 15:17:32
43,1281,2018-05-14 11:38:31
8,901,2019-11-22 16:18:22
14,627,2017-03-05 06:49:58
47,32,2018-04-03 16:36:54
27,361,2019-03-24 20:14:06
13,1154,2017-01-16 18:50:59
47,687,2018-07-26 12:45:01
39,1027,2017-07-07 12:41:41
38,666,2018-06-26 08:36:50
32,133,2017-02-05 19:00:35
43,1002,2017-01-31 23:47:36
17,1742,2017-01-30 17:57:49
29,267,2019-12-02 15:40:07
29,4,2017-05-20 20:36:50
9,836,2019-09-29 03:18:37
17,1821,2019-01-01 10:19:23
31,1827,2018-12-04 05:30:46
19,646,2019-03-22 07:44:44
5,631,2018-01-10 05:15:12
32,448,2018-11-11 06:19:41
26,704,2017-01-08 15:48:11
27,1334,2018-07-27 19:51:45
37,1973,2019-07-05 08:07:47
3,1071,2018-03-11 17:43:52
12,1454,2017-10-19 20:18:42
33,1823,2019-11-17 17:52:24
20,220,2018-09-30 08:09:26
28,1380,2019-06-14 00:19:10
37,440,2018-01-04 04:28:14
5,824,2019-10-14 19:11:48
24,632,2019-04-21 01:57:11
48,1306,2017-12-07 18:40:04
31,1182,2017-08-03 09:03:48
45,881,2018-04-14 04:49:39
13,422,2017-04-21 08:28:51
46,1897,2018-02-20 16:38:04
5,2140,2018-04-08 21:54:26
9,1965,2018-07-07 11:29:35
12,1124,2017-07-28 11:13:56
47,1375,2019-06-30 13:01:10
15,1191,2019-04-30 10:39:59
5,2178,2017-02-10 02:57:37
18,1691,2019-10-16 04:01:30
49,1888,2017-04-02 15:02:26
3,605,2018-10-02 15:46:49
26,282,2018-02-02 09:39:57
20,846,2018-02-15 09:10:49
15,919,2017-10-21 06:07:45
46,2013,2018-08-17 05:02:21
32,207,2017-09-03 23:07:34
9,1270,2018-09-25 20:28:21
24,1673,2017-12-17 12:51:21
17,1650,2017-05-09 23:42:49
45,1073,2017-09-30 03:46:41
49,585,2018-08-22 15:34:01
38,1644,2018-10-05 03:41:33
15,759,2019-04-28 07:50:29
27,1359,2017-11-16 12:02:40
43,2110,2017-03-01 09:11:00
10,214,2019-07-16 15:06:31
41,588,2017-02-16 11:32:53
4,1302,2019-09-14 19:52:10
17,960,2018-01-10 02:09:35
28,615,2018-07-07 11:35:29
3,208,2017-07-07 23:23:24
14,2050,2017-12-06 05:12:58
47,1844,2017-08-21 03:51:02
26,1311,2019-02-16 03:05:04
17,1185,2019-03-07 08:37:21
47,1591,2017-10-13 12:00:41
38,81,2017-04-07 01:17:16
47,679,2019-01-31 03:50:17
32,2093,2019-01-20 16:31:02
28,2051,2018-05-27 00:59:39
48,2053,2018-02-08 04:19:14
2,673,2017-05-13 14:05:58
31,1412,2018-10-02 21:53:29
46,1516,2019-05-17 12:00:07
5,2126,2019-02-06 02:11:59
13,1727,2017-03-05 06:16:05
18,1055,2017-07-12 17:15:13
38,475,2018-12-03 03:11:40
45,327,2018-12-14 17:19:51
41,1806,2019-01-05 10:53:21
45,917,2017-09-26 09:42:28
27,937,2017-08-14 02:02:40
12,1003,2018-08-22 23:38:34
39,942,2018-10-22 14:02:00
5,1593,2018-03-11 08:20:21
28,712,2018-09-03 10:13:55
13,712,2018-08-14 03:57:59
5,299,2017-11-19 13:47:38
3,1185,2018-04-19 19:17:29
20,1868,2017-04-16 22:29:14
36,1699,2018-07-25 00:24:06
24,963,2019-12-31 13:45:02
26,1828,2017-07-05 08:02:56
9,500,2017-06-07 12:22:24
49,1350,2018-06-24 03:13:28
32,1613,2018-02-19 19:18:25
39,936,2019-03-30 15:16:35
8,1689,2019-07-17 10:41:03
38,1909,2018-07-27 17:28:48
13,1938,2019-12-30 12:18:35
23,1314,2017-07-28 11:35:57
42,1806,2019-02-11 10:56:45
17,814,2019-11-03 02:17:15
3,834,2018-12-19 08:19:18
13,1282,2017-07-30 23:30:07
32,582,2019-02-07 16:41:50
17,1834,2019-12-16 11:18:55
44,1666,2019-11-28 03:57:26
9,1165,2017-04-04 18:37:20
26,359,2017-01-23 11:37:28
41,2128,2017-02-12 00:24:59
14,556,2019-08-09 17:19:43
24,86,2018-09-11 20:48:20
42,1365,2019-07-01 20:41:41
3,256,2017-09-17 14:24:19
37,787,2019-09-13 21:44:42
40,46,2019-12-20 04:51:10
37,2112,2018-04-03 09:19:46
19,1275,2018-10-13 09:42:42
12,1702,2018-11-08 20:32:23
38,1752,2019-12-08 14:32:55
20,1568,2018-04-07 12:25:01
41,1367,2019-02-20 06:10:06
17,1342,2017-12-08 04:17:57
47,2031,2018-12-03 16:52:06
12,2133,2018-10-05 14:39:57
26,1203,2017-09-13 11:24:02
14,855,2019-10-21 03:44:08
20,1142,2017-05-10 04:49:58
23,1979,2019-12-30 14:02:58
9,1861,2017-04-12 01:57:25
17,1449,2018-01-24 16:30:45
13,1483,2018-03-18 01:33:39
50,1338,2018-04-09 02:12:37
32,472,2017-01-22 19:52:08
17,1520,2018-01-15 09:41:18
13,1122,2019-04-28 00:52:33
42,794,2018-09-03 00:41:23
15,616,2019-01-04 23:44:17
45,1009,2017-11-04 13:52:38
12,1882,2018-02-22 20:57:04
3,1662,2019-06-06 07:23:25
27,1678,2019-05-04 00:00:35
40,984,2017-10-13 17:24:13
3,594,2018-04-21 23:17:11
32,1913,2017-05-11 17:11:54
17,462,2019-06-11 12:49:42
48,987,2019-11-15 04:00:48
10,806,2019-12-29 16:05:06
29,1555,2017-09-22 02:46:29
13,183,2017-01-05 00:35:35
12,220,2018-02-28 09:41:28
18,1633,2017-03-28 01:51:14
15,1528,2017-04-30 19:14:31
32,731,2019-08-06 22:48:15
9,808,2017-04-12 13:51:48
10,367,2018-02-20 12:15:14
14,1612,2018-12-16 16:42:35
4,1184,2017-01-08 22:04:44
9,1511,2019-05-06 18:49:21
14,747,2019-08-15 02:04:29
37,925,2017-09-29 02:52:33
46,7,2019-11-24 16:13:48
24,1543,2017-06-13 05:39:16
14,49,2018-09-20 06:38:11
8,1164,2017-03-27 13:48:24
20,1738,2017-01-12 19:02:14
26,1667,2019-09-09 18:38:48
5,1811,2019-10-25 20:25:04
19,1712,2019-12-03 14:15:28
28,1304,2019-11-11 08:36:52
14,691,2017-02-28 15:42:36
28,1638,2017-03-27 13:32:24
40,250,2018-02-15 07:24:21
32,1891,2017-06-03 00:21:48
27,659,2017-03-30 18:57:26
28,486,2018-05-10 03:11:33
47,411,2018-03-31 08:53:44
31,1847,2019-05-19 10:24:43
5,579,2018-11-19 23:05:43
13,696,2018-03-20 12:58:46
42,1265,2019-02-02 16:08:49
38,250,2018-09-04 10:16:32
26,626,2019-01-06 00:22:00
8,318,2017-02-28 09:32:58
32,486,2017-07-16 05:10:10
42,236,2017-06-19 20:17:36
29,627,2017-03-10 01:40:26
30,1479,2019-03-12 20:54:30
29,1232,2018-11-03 09:28:07
8,923,2019-07-09 23:38:44
47,320,2018-10-16 22:58:29
24,7,2019-07-26 05:13:17
4,705,2018-06-09 04:39:10
46,1408,2017-11-09 05:42:56
24,1742,2018-04-18 11:31:20
31,1954,2019-08-20 02:46:35
48,1967,2018-03-15 15:49:39
26,1188,2018-02-11 11:20:55
14,179,2017-04-08 04:07:48
20,1387,2017-10-09 00:48:42
3,1798,2019-05-26 23:28:17
21,1050,2017-04-16 07:00:58
24,660,2017-04-18 22:33:29
9,325,2017-10-23 03:53:07
14,1659,2019-07-31 02:12:33
20,1721,2017-10-09 20:15:11
14,620,2019-05-08 17:47:58
31,848,2019-01-29 23:23:21
9,2088,2018-04-23 03:24:45
12,113,2018-12-04 08:44:00
37,876,2017-02-01 03:02:12
15,1533,2018-04-09 18:12:13
9,1043,2017-06-19 11:44:19
20,726,2017-08-12 03:37:49
32,659,2017-03-28 19:41:52
48,1427,2018-10-09 13:32:52
47,743,2018-03-12 07:04:41
9,1908,2019-08-16 07:10:44
17,2166,2017-06-05 05:33:20
19,1921,2018-07-12 00:19:41
27,392,2017-04-28 03:43:52
23,679,2017-10-12 20:05:48
25,1492,2019-06-07 03:15:34
20,201,2018-10-04 16:00:01
29,501,2019-05-22 16:30:23
42,126,2018-12-30 01:33:44
4,1808,2019-02-28 00:28:39
28,907,2017-02-26 17:53:24
26,459,2019-08-01 15:49:45
14,777,2017-01-29 21:52:02
18,2110,2017-06-15 02:26:50
6,1180,2017-12-31 04:17:17
5,1632,2017-06-15 07:04:46
17,643,2019-01-27 07:11:41
24,518,2017-10-05 01:30:32
4,385,2017-01-28 05:51:31
12,800,2018-01-29 03:24:12
48,231,2018-05-09 09:17:54
9,1939,2017-08-27 11:10:06
19,675,2017-05-18 02:38:14
39,1764,2018-07-02 01:41:07
26,1656,2019-12-21 10:53:11
32,1615,2018-08-09 02:28:12
29,430,2017-09-02 00:45:14
28,30,2019-03-22 18:51:12
22,1785,2018-11-04 20:16:05
4,1075,2019-04-12 11:30:43
8,652,2018-10-10 04:38:22
39,220,2017-09-02 18:33:44
37,937,2019-06-30 23:40:49
43,795,2019-04-29 18:57:55
38,385,2017-10-07 19:34:25
26,856,2018-01-30 03:18:19
20,1315,2019-12-01 03:07:25
27,853,2019-08-23 10:59:07
48,1403,2019-01-27 23:18:13
15,936,2019-03-27 05:58:32
32,723,2018-04-26 15:10:38
27,1698,2017-01-21 17:21:37
17,828,2019-05-07 20:26:15
23,871,2017-09-16 13:36:15
45,621,2017-08-21 17:25:07
9,127,2018-09-20 09:25:43
49,1934,2017-06-19 08:32:57
20,1968,2017-04-18 14:13:54
36,807,2019-01-13 06:12:11
15,1302,2018-10-01 01:22:43
31,360,2018-09-13 00:38:26
12,971,2017-01-24 18:22:15
9,2132,2017-10-02 09:03:18
45,2006,2018-11-29 03:43:30
25,392,2018-04-06 19:46:20
5,403,2018-11-24 08:05:29
48,1997,2019-05-22 19:57:08
41,1424,2018-03-05 15:37:19
3,2010,2017-02-21 10:34:39
5,1956,2019-05-30 03:44:44
24,1349,2019-02-12 21:23:19
43,1892,2017-01-30 07:28:49
24,1801,2019-04-14 10:36:51
17,773,2017-01-09 20:46:58
27,2184,2018-02-04 02:44:12
41,982,2018-04-02 00:12:26
26,731,2018-11-26 23:09:45
19,818,2019-06-29 08:15:24
28,1696,2019-05-27 00:32:55
22,2098,2019-01-03 21:07:53
27,2042,2019-12-25 10:12:25
47,1567,2018-06-20 14:50:17
27,1950,2019-03-20 12:37:54
20,42,2019-02-08 09:38:42
20,1706,2019-03-23 05:25:48
41,1623,2018-06-07 17:36:17
32,407,2018-12-07 01:46:41
32,346,2017-05-11 23:48:39
49,1825,2017-09-09 11:52:50
4,1540,2019-10-23 04:31:18
39,1281,2017-12-24 04:26:15
45,1911,2019-03-22 16:15:48
27,599,2017-01-21 13:04:29
26,1301,2019-10-07 23:53:41
18,1557,2019-01-25 02:43:08
9,1832,2018-07-31 07:07:46
5,1334,2017-11-17 16:46:34
3,1202,2018-05-10 21:00:32
18,418,2019-08-24 08:04:59
2,457,2019-02-01 23:05:08
24,577,2019-08-04 06:16:25
31,1628,2018-07-14 18:56:07
25,1936,2019-12-05 08:35:58
3,2095,2018-04-23 12:14:58
20,1320,2018-03-26 14:09:58
45,336,2018-10-14 07:12:35
28,187,2019-04-12 22:50:47
4,198,2019-06-01 04:14:38
13,2159,2019-07-07 06:37:15
42,321,2018-09-04 10:15:07
42,727,2017-09-03 09:21:40
48,1485,2017-02-01 11:29:27
15,802,2018-09-02 01:16:20
18,972,2018-04-12 23:49:59
46,1330,2019-12-30 13:00:51
21,283,2018-06-22 20:27:50
24,1100,2018-04-20 01:34:45
39,1935,2019-03-27 02:27:53
32,201,2019-02-22 07:06:53
27,948,2019-04-01 04:43:39
17,1206,2017-04-07 03:39:07
5,615,2018-01-07 08:59:02
15,2053,2019-01-07 21:08:14
22,615,2017-10-04 07:01:34
50,2055,2017-01-24 14:12:44
37,282,2018-04-07 16:32:11
38,1954,2019-10-28 08:17:57
24,491,2017-06-12 21:36:38
32,1094,2017-05-23 04:41:36
34,1549,2019-02-28 17:36:26
36,1019,2017-08-12 09:17:21
5,1742,2018-11-29 23:43:10
17,998,2017-09-19 18:29:12
47,807,2018-10-18 00:03:49
41,706,2018-06-09 14:54:06
47,832,2017-04-28 12:38:44
8,1475,2018-10-02 07:30:48
19,1042,2017-11-22 03:15:36
32,16,2019-04-16 08:44:10
48,1242,2019-10-17 07:14:29
47,2101,2018-09-07 03:43:00
3,673,2018-07-19 18:32:44
13,1591,2019-10-27 05:06:50
50,1397,2018-12-07 20:51:56
24,26,2019-03-11 08:42:51
44,2082,2019-09-20 05:32:58
26,1500,2019-06-10 17:14:36
1,1984,2019-08-01 00:30:50
40,1271,2017-07-27 16:02:14
49,285,2017-01-13 05:52:09
42,940,2018-07-02 02:42:33
15,1399,2019-11-20 06:06:42
13,718,2019-06-07 11:11:19
17,1865,2017-03-19 02:06:29
48,123,2018-06-15 13:41:23
27,1843,2017-05-05 11:37:03
43,1321,2018-11-26 00:41:22
49,1932,2017-08-05 00:07:41
26,1013,2018-08-02 02:27:50
27,793,2017-08-21 16:55:39
32,631,2017-12-03 17:08:22
18,480,2019-07-23 23:10:50
9,908,2018-09-18 13:06:55
40,559,2017-02-08 21:39:15
4,613,2017-06-04 09:42:02
47,1303,2018-06-26 22:57:00
5,1317,2017-10-04 22:59:21
43,1009,2017-07-01 00:05:47
18,1439,2019-10-29 21:56:38
48,1555,2017-12-18 06:31:07
18,867,2017-12-14 05:35:54
42,1183,2019-12-03 22:06:11
38,1209,2018-05-09 10:35:17
42,1574,2018-11-21 22:42:08
3,1144,2019-10-21 19:20:00
50,279,2017-03-21 22:56:48
42,1621,2018-08-06 19:17:29
18,1932,2018-08-20 14:12:06
19,1157,2017-02-07 21:22:36
31,1821,2017-03-20 07:31:57
49,1009,2017-12-11 07:59:55
20,511,2019-08-26 06:55:05
5,1571,2019-12-13 03:03:11
43,2051,2017-08-05 16:08:03
30,507,2017-12-21 17:20:45
14,2124,2018-02-21 12:13:43
37,590,2019-09-30 12:10:25
47,680,2017-02-25 18:47:00
14,218,2018-12-06 16:49:22
20,1902,2018-12-12 13:37:30
27,184,2018-04-24 14:54:18
6,434,2017-02-01 11:11:40
20,1023,2018-08-21 17:34:54
23,1987,2018-12-06 11:02:57
28,140,2019-12-28 01:46:53
47,1217,2019-06-23 03:46:32
17,1864,2017-07-07 20:10:51
29,431,2018-03-28 02:30:41
20,1098,2019-10-17 23:30:55
45,324,2019-11-03 23:46:39
15,37,2017-09-22 17:44:13
20,900,2019-06-15 06:25:07
48,1289,2018-07-07 19:27:12
32,101,2018-01-06 19:07:05
9,846,2018-07-26 17:22:04
41,1936,2019-07-27 05:42:32
45,1798,2019-07-01 07:17:44
45,1011,2018-08-28 16:00:27
36,1401,2017-10-12 08:47:04
43,1668,2018-01-04 22:19:17
12,1042,2018-02-26 00:29:13
40,1005,2019-09-28 21:23:36
41,385,2017-12-02 07:59:31
37,679,2017-07-07 05:43:25
32,1024,2017-08-06 08:53:53
38,1170,2019-11-21 20:27:08
17,494,2018-11-22 00:51:40
3,932,2018-05-30 06:29:29
39,3,2018-10-03 02:39:32
27,1035,2019-05-18 05:57:47
15,155,2018-01-06 12:44:51
39,501,2018-10-20 17:28:57
4,876,2018-02-10 13:58:10
24,935,2017-09-02 06:42:26
8,1236,2017-12-22 19:24:15
17,1847,2019-06-01 10:06:44
27,487,2018-09-04 04:09:28
32,1111,2018-05-15 13:10:03
18,117,2019-01-10 15:06:27
40,1284,2018-05-19 14:44:32
24,1741,2017-04-06 12:15:40
20,1797,2019-03-20 19:08:55
17,1547,2017-05-04 23:42:05
27,1832,2019-08-18 21:01:26
17,1480,2018-04-10 02:42:03
17,2099,2018-09-30 01:21:00
18,831,2019-06-30 02:40:58
43,2114,2018-05-13 22:19:34
20,681,2018-12-17 09:20:50
18,1708,2018-05-16 09:50:53
12,1304,2017-05-04 06:23:44
13,371,2019-06-26 16:28:51
44,1433,2019-05-29 14:35:22
20,1930,2017-11-09 09:49:22
14,62,2017-02-20 09:14:45
13,143,2018-11-17 19:11:42
37,2004,2017-09-26 07:59:49
17,1747,2018-12-05 07:43:29
4,803,2018-05-26 05:52:27
38,519,2017-05-21 02:30:29
46,352,2018-04-23 05:48:16
8,519,2017-08-19 17:23:42
13,2055,2019-03-02 09:56:27
31,2124,2018-06-23 14:14:03
14,184,2019-11-07 18:38:06
24,981,2019-08-25 23:05:15
35,1056,2018-09-17 04:45:06
28,1758,2018-02-26 05:08:21
47,93,2017-07-11 11:51:13
42,1551,2018-03-13 18:55:50
28,929,2017-04-30 12:30:05
27,976,2019-03-28 18:37:46
17,331,2017-04-08 08:30:38
31,1020,2018-01-02 01:04:00
47,2066,2018-12-23 05:09:25
15,1557,2018-04-02 06:07:11
29,1794,2018-07-10 17:54:11
28,1589,2017-10-28 16:18:41
5,1795,2019-11-28 16:25:55
23,140,2019-09-09 23:55:09
14,827,2017-02-06 14:04:33
6,1516,2019-06-29 17:00:36
31,1767,2018-12-04 20:03:01
5,180,2019-09-09 12:23:55
26,690,2017-02-17 08:38:41
14,1431,2018-01-27 17:18:33
5,802,2017-10-09 01:06:46
34,476,2017-11-15 01:44:36
8,1116,2019-12-25 04:43:57
39,33,2018-06-15 17:35:01
45,357,2019-02-24 02:11:31
26,1585,2017-01-22 21:29:52
24,1761,2018-03-14 09:33:04
41,947,2017-01-26 15:48:59
50,258,2018-12-24 15:53:05
17,1222,2018-10-02 12:29:34
19,1433,2018-03-29 01:50:50
37,65,2018-06-30 22:38:51
5,1181,2018-09-23 12:54:12
46,2148,2018-08-02 09:51:02
49,1624,2019-11-11 21:01:00
35,2095,2017-05-18 16:59:32
20,424,2019-02-15 23:58:26
4,1653,2018-06-11 13:28:16
19,1603,2018-01-19 13:35:07
17,246,2019-12-10 11:37:20
37,2093,2019-11-05 01:26:27
28,95,2018-06-01 05:41:23
4,1019,2017-12-27 12:58:41
41,1152,2019-04-04 08:35:32
10,264,2017-11-12 20:20:17
48,569,2018-09-01 16:02:53
2,1839,2017-03-21 08:36:47
20,2012,2017-05-13 00:18:32
14,73,2019-08-16 13:44:35
41,183,2019-10-24 10:10:20
15,2113,2019-03-21 18:53:59
3,1191,2018-09-24 04:20:07
39,406,2018-12-22 10:55:39
28,1232,2017-08-03 17:45:10
26,109,2018-05-19 03:11:14
20,269,2019-12-13 01:56:40
17,858,2019-06-30 03:51:02
20,618,2017-06-15 03:11:28
15,1858,2019-09-13 02:40:08
6,1909,2017-03-17 12:46:02
50,359,2018-04-21 01:48:57
26,1809,2019-01-05 05:39:14
41,123,2018-08-15 07:08:53
14,934,2017-10-03 20:49:12
17,783,2019-10-15 17:21:00
46,968,2018-10-02 03:38:39
18,72,2018-02-10 01:00:08
31,1783,2017-09-12 01:40:52
17,978,2018-11-09 06:10:20
3,1805,2019-08-31 01:01:41
12,712,2019-05-28 00:29:48
48,922,2017-10-10 03:36:37
40,773,2017-09-02 15:32:46
22,2131,2018-03-17 18:24:13
47,1794,2019-05-15 05:58:37
4,1463,2018-03-30 10:27:22
9,1059,2019-03-03 04:36:17
27,1633,2019-02-13 14:46:12
39,163,2017-04-01 04:07:56
26,1022,2017-10-11 14:31:31
40,1238,2019-08-20 23:33:29
25,86,2019-11-10 18:12:10
17,1581,2018-10-31 12:16:09
28,2116,2018-12-24 05:12:44
26,1948,2018-07-17 02:21:00
35,1091,2018-09-05 23:30:55
5,834,2018-02-04 12:51:23
6,2112,2017-10-12 05:57:01
13,875,2017-10-25 05:38:39
41,2126,2018-01-13 20:51:58
41,2002,2019-10-18 04:50:01
9,2146,2018-03-04 02:52:12
26,58,2019-08-31 14:42:03
37,263,2017-03-07 05:49:07
12,1227,2017-11-22 13:11:32
18,1277,2018-02-15 08:08:58
29,2075,2017-01-15 22:14:58
24,410,2019-05-06 17:04:33
39,1242,2018-03-30 08:17:13
27,1903,2018-08-12 00:34:37
47,284,2019-07-12 20:12:58
14,1785,2019-08-27 13:36:15
31,169,2017-07-25 19:35:48
38,1591,2018-09-12 18:18:22
27,917,2019-02-13 21:34:00
47,1858,2017-10-30 03:53:10
40,2123,2018-04-20 23:39:14
46,1476,2019-08-22 12:48:42
17,301,2017-08-30 15:03:45
31,1142,2019-12-08 22:40:03
20,1536,2019-04-06 09:57:05
27,591,2017-07-26 21:58:28
19,385,2017-02-02 11:13:24
3,185,2018-04-12 22:47:17
41,2009,2019-05-05 22:45:31
5,751,2019-10-18 00:58:45
43,244,2019-12-14 00:36:08
13,807,2019-04-29 01:31:35
15,228,2018-01-22 07:07:06
46,1131,2019-05-04 10:27:10
43,573,2017-09-05 23:07:11
8,1803,2017-11-19 08:37:18
27,567,2018-10-28 01:22:11
40,185,2018-06-25 11:54:19
31,1056,2018-12-03 17:34:08
47,412,2017-01-14 10:36:18
28,1571,2019-01-22 19:32:17
5,477,2018-12-09 23:35:58
18,1387,2017-03-18 03:40:19
20,1599,2017-12-21 14:37:04
5,2085,2019-06-23 06:47:58
17,1421,2018-11-06 22:02:35
6,1143,2019-01-07 06:24:17
50,960,2017-10-08 12:29:28
8,1955,2018-03-28 11:03:47
36,2006,2018-07-03 01:33:43
47,1137,2019-06-21 08:45:33
35,780,2017-10-29 20:45:40
28,1884,2017-12-11 03:53:59
29,373,2019-07-03 01:27:52
3,475,2018-12-17 01:06:23
41,1131,2019-12-11 02:52:47
17,323,2018-03-07 08:25:30
6,2184,2019-02-11 08:55:14
9,856,2018-01-10 22:52:50
13,522,2018-08-26 21:32:21
13,1046,2017-09-10 13:44:39
28,1499,2017-07-10 06:07:28
50,2109,2019-11-23 21:57:46
26,1909,2017-07-10 05:36:26
41,929,2019-03-10 01:43:45
17,274,2017-03-17 08:04:06
43,1418,2019-02-06 14:40:04
40,450,2018-02-13 15:57:58
2,1745,2018-02-28 09:15:44
17,1859,2018-09-14 07:58:04
43,196,2017-12-08 18:13:06
19,1741,2019-03-01 07:33:25
44,1544,2018-06-06 09:06:29
19,1963,2018-05-14 21:52:40
28,570,2018-02-15 16:53:52
17,1719,2018-12-01 12:50:52
46,2183,2019-10-08 15:22:44
27,1003,2019-11-01 19:29:08
9,1353,2017-02-20 08:45:51
41,1252,2018-12-19 15:39:10
48,1773,2018-07-29 01:21:47
17,678,2017-06-23 10:21:45
24,1301,2017-02-26 12:29:30
43,1882,2017-08-31 14:11:13
42,497,2018-01-19 01:32:05
43,1523,2018-12-07 19:57:44
4,339,2019-02-21 20:01:49
5,30,2019-03-23 07:21:57
14,185,2018-04-13 11:00:08
31,1017,2018-06-17 14:09:02
20,947,2017-12-16 17:10:32
50,2156,2019-07-10 14:02:32
31,505,2017-01-30 01:46:23
9,1143,2018-09-13 06:03:30
19,734,2019-03-31 00:08:26
46,538,2017-02-23 04:15:34
3,128,2019-07-25 22:12:53
32,265,2019-11-19 15:52:36
41,1011,2017-06-11 07:30:58
38,784,2018-10-06 03:14:32
47,1364,2019-07-15 21:12:18
14,214,2017-10-08 12:04:22
4,1261,2019-02-08 15:51:35
41,922,2017-03-03 01:07:13
27,1271,2019-03-24 17:35:32
34,1544,2019-11-24 08:49:41
48,1000,2017-08-27 00:29:27
20,739,2017-06-12 12:37:37
13,608,2017-08-11 11:44:00
31,246,2018-03-06 07:25:58
29,1343,2018-10-20 09:32:40
41,1795,2019-04-15 13:54:06
3,1930,2019-03-18 13:56:58
28,512,2019-12-11 09:25:49
39,364,2018-06-06 16:57:49
13,216,2018-09-05 14:33:51
40,158,2019-03-08 05:44:54
3,1255,2017-11-06 11:49:45
15,419,2019-07-10 20:08:34
31,69,2017-04-25 07:24:25
17,1488,2019-11-04 21:18:49
27,1509,2017-02-19 14:17:07
48,1009,2018-11-16 20:19:55
5,374,2017-12-03 16:43:56
9,1233,2018-07-01 04:08:54
20,1713,2018-03-09 02:14:08
49,1958,2018-11-09 19:02:30
38,2041,2019-06-30 20:30:29
23,1806,2018-06-16 19:37:07
46,1027,2018-01-28 11:48:23
27,1166,2017-08-21 10:41:38
46,696,2018-11-20 12:10:25
3,1244,2019-03-25 07:13:50
41,335,2018-01-11 08:59:31
32,1191,2018-09-07 04:08:39
28,1112,2018-03-31 16:30:06
29,940,2017-04-01 16:11:12
45,1871,2017-11-20 16:46:17
15,1824,2018-04-17 16:10:14
24,1777,2019-12-27 22:12:44
19,178,2019-04-21 12:40:21
21,1553,2019-03-03 20:02:10
19,1447,2017-06-26 15:13:35
6,1734,2019-09-18 10:00:14
5,793,2018-01-17 10:37:09
17,1812,2018-06-17 20:50:28
50,1164,2017-10-16 17:35:21
8,1823,2017-11-27 22:03:56
24,612,2018-11-28 01:57:25
27,1306,2018-04-03 10:29:09
47,938,2017-05-31 18:30:04
41,1399,2018-06-16 22:04:10
43,1765,2019-03-13 08:57:29
12,1923,2017-04-17 23:05:08
5,562,2019-02-04 20:17:42
17,1825,2017-04-02 17:55:22
14,235,2019-08-27 15:49:00
38,31,2018-10-19 13:59:50
47,1970,2019-04-13 06:10:16
2,2024,2019-01-13 16:12:27
24,479,2019-08-23 13:33:21
15,684,2017-08-03 18:13:51
15,479,2018-09-09 10:44:56
24,1767,2018-01-12 16:26:51
32,115,2017-03-04 01:44:31
14,932,2019-04-06 23:56:26
5,310,2019-09-19 17:05:03
28,1943,2019-09-07 14:36:02
27,134,2018-10-27 00:20:56
5,1869,2019-09-12 19:46:37
13,609,2018-05-08 06:42:15
9,1660,2017-12-21 14:43:14
14,372,2019-02-04 23:43:25
21,1737,2017-02-07 02:58:40
41,1567,2018-02-23 08:43:46
12,151,2017-10-19 17:37:53
41,1002,2018-10-26 19:23:55
15,389,2017-06-21 06:54:17
31,891,2017-11-13 09:41:35
32,98,2018-05-03 10:16:01
6,1663,2017-02-05 21:50:47
50,306,2017-05-19 18:40:05
41,1116,2019-06-24 23:44:31
15,593,2017-04-14 03:08:31
24,1870,2019-08-05 12:18:49
48,1223,2017-09-23 10:20:59
5,165,2018-02-16 07:28:42
50,1957,2019-05-22 12:06:42
18,1812,2019-06-16 11:45:10
26,464,2019-02-09 08:29:49
3,802,2018-05-07 11:53:08
4,1474,2018-08-02 19:01:42
48,729,2018-08-15 01:59:58
25,394,2018-04-03 05:47:48
41,1485,2018-03-26 11:06:07
17,1854,2019-10-31 18:30:48
41,613,2017-03-08 19:42:52
15,951,2019-11-08 15:24:52
27,2075,2019-09-03 02:30:13
6,253,2017-06-01 02:40:01
49,1445,2019-11-18 08:57:43
17,1577,2017-10-03 19:09:35
24,1409,2019-05-13 18:48:26
9,1474,2017-06-16 01:54:00
19,1384,2018-03-22 12:04:32
26,1101,2017-04-28 23:52:33
9,806,2017-01-12 07:56:56
3,633,2019-04-30 12:19:45
42,95,2018-12-22 11:14:36
31,520,2018-09-27 01:49:10
17,447,2017-09-01 16:44:48
27,2132,2017-06-13 12:24:37
38,1648,2019-10-25 10:51:39
37,921,2018-12-14 17:47:16
28,165,2019-03-06 06:13:04
47,705,2018-03-02 09:33:46
34,1192,2018-11-29 22:43:09
4,2068,2017-04-25 13:39:14
3,1181,2017-11-28 04:57:09
19,976,2019-06-27 21:36:53
46,1326,2017-10-31 04:37:36
41,1814,2017-02-07 04:46:56
46,567,2018-04-04 21:36:47
24,178,2017-10-26 17:51:58
44,580,2018-07-25 05:02:13
12,1163,2017-03-23 03:13:47
48,1919,2019-06-29 09:23:40
20,1619,2018-12-05 11:34:16
18,75,2017-09-25 01:56:13
48,208,2019-06-01 18:19:56
24,596,2019-09-11 04:37:06
8,584,2017-05-03 14:47:28
24,1622,2019-10-10 03:39:53
27,24,2018-12-29 08:52:04
38,1948,2018-08-06 11:08:30
46,172,2017-12-11 17:12:14
13,1372,2019-10-16 06:12:28
15,1881,2018-07-12 06:40:25
9,1162,2018-01-11 13:12:42
44,1567,2018-09-28 11:14:42
50,862,2019-07-10 08:03:00
47,993,2018-09-24 00:36:49
32,1012,2019-02-26 06:23:37
2,855,2019-02-15 15:37:25
2,38,2018-09-03 15:07:19
43,1719,2018-10-14 15:35:17
27,1728,2018-06-02 13:22:21
48,1358,2018-04-09 22:28:31
13,1669,2019-01-24 04:48:06
37,1135,2017-02-26 19:44:08
13,2101,2019-10-11 21:27:37
48,1279,2017-11-06 12:52:22
18,916,2019-01-18 12:44:12
3,1122,2019-10-18 21:05:37
27,2105,2019-01-03 05:21:55
32,2112,2017-09-14 12:34:39
8,824,2019-12-06 12:25:38
28,1070,2018-08-22 10:43:33
4,1041,2019-08-14 23:32:09
41,1056,2018-08-21 20:30:16
19,151,2019-08-15 06:56:19
28,1833,2017-03-10 23:56:57
19,142,2017-11-24 16:47:42
18,2058,2019-12-12 15:36:38
39,1775,2019-12-17 09:59:28
28,878,2017-02-26 10:33:22
46,1853,2018-05-03 02:07:29
27,2049,2019-09-11 01:59:16
47,1362,2019-05-26 19:37:21
22,752,2018-06-30 17:43:47
5,410,2019-08-24 19:09:13
18,578,2019-03-07 03:13:35
20,2020,2018-01-09 17:59:06
29,1302,2018-12-05 22:35:30
50,173,2017-07-20 03:14:21
38,1841,2019-06-27 07:11:35
14,1547,2017-02-06 17:36:05
46,1237,2019-11-02 16:50:59
48,1547,2018-10-29 16:25:05
3,2091,2019-04-17 00:26:38
31,52,2018-12-04 02:55:56
38,465,2018-10-20 05:27:15
15,1073,2018-01-18 10:04:43
28,2059,2019-02-15 23:44:10
2,1489,2018-08-11 13:06:17
41,1465,2018-10-29 02:21:12
32,1130,2019-11-13 23:25:12
47,276,2019-03-09 00:29:46
40,460,2018-04-18 02:14:31
41,546,2017-04-27 01:22:46
13,909,2018-10-20 16:38:51
20,165,2019-06-23 03:53:42
47,722,2017-05-31 14:47:51
12,1529,2019-08-18 08:17:45
4,2079,2017-07-30 04:16:37
25,1238,2019-10-26 12:19:45
17,1379,2018-12-04 17:17:35
27,929,2017-09-01 05:23:12
25,1827,2017-03-15 11:42:17
25,2178,2019-11-02 00:18:11
47,1023,2019-04-21 17:41:57
32,864,2019-11-14 07:18:10
39,1336,2017-02-18 14:36:06
24,1875,2019-05-12 13:15:30
38,49,2019-01-09 04:32:19
4,2181,2019-04-26 06:51:18
19,172,2017-04-05 19:09:16
42,1473,2018-06-03 00:59:23
9,1983,2017-03-28 12:59:45
38,1169,2018-11-07 13:19:03
9,860,2018-09-04 11:48:37
42,1558,2019-12-04 05:44:16
5,322,2018-03-30 08:09:01
24,418,2018-04-06 19:48:22
50,1081,2017-12-21 06:26:50
12,1233,2017-12-14 21:04:57
12,1544,2018-09-21 01:51:17
9,1235,2017-09-01 21:07:50
15,454,2019-12-08 08:38:52
10,976,2019-01-31 12:49:15
48,1870,2019-09-23 16:35:16
44,353,2019-11-23 23:07:30
32,197,2017-10-17 07:05:16
26,595,2017-07-02 21:59:04
4,183,2018-02-09 14:42:57
13,1120,2019-07-29 18:10:09
39,174,2017-06-05 03:26:50
2,1240,2018-10-30 12:39:58
15,518,2017-11-21 14:24:06
41,481,2018-11-02 11:58:55
47,1714,2019-05-03 06:14:35
50,251,2017-01-01 01:10:39
31,780,2019-08-03 12:36:08
47,1209,2017-08-14 06:12:22
3,211,2018-01-09 02:19:07
5,142,2019-03-02 07:46:31
15,1349,2019-02-14 11:02:44
47,989,2018-01-28 12:54:52
13,577,2018-07-09 02:24:47
26,201,2017-06-06 10:39:10
28,858,2018-10-26 22:38:23
9,909,2019-11-14 01:14:48
14,1518,2017-07-31 18:51:32
20,1517,2019-03-25 00:46:30
32,1247,2018-02-06 15:06:59
12,1340,2017-12-09 03:17:41
26,1618,2017-10-10 13:14:33
19,1744,2019-11-27 17:55:57
32,1818,2018-04-18 03:49:04
14,2059,2019-06-05 20:17:07
49,303,2019-05-24 18:47:34
48,1014,2017-02-23 00:31:12
24,806,2019-07-25 06:49:10
17,496,2017-12-09 06:31:46
20,304,2019-04-21 07:50:23
6,1732,2017-11-07 21:29:45
5,1696,2017-05-25 12:23:41
4,959,2018-09-28 14:11:06
29,1481,2017-08-24 08:15:19
25,1318,2017-10-15 07:00:16
28,26,2017-09-20 14:28:53
35,557,2019-01-08 23:00:10
39,367,2019-11-23 03:05:39
25,1898,2017-12-26 18:01:54
3,933,2017-09-17 03:21:50
32,83,2017-08-27 02:50:47
28,701,2019-01-19 17:08:56
39,746,2019-10-17 15:02:09
13,752,2019-12-21 11:32:50
41,290,2018-12-15 07:40:57
32,852,2019-11-10 13:28:55
17,493,2018-04-08 11:48:59
49,451,2018-12-01 19:36:46
5,1054,2019-09-05 01:35:59
26,2011,2019-03-20 07:55:24
13,764,2019-11-14 20:55:07
43,1566,2017-12-01 10:52:01
17,971,2018-04-05 03:20:17
27,2149,2018-03-23 21:30:45
45,931,2019-06-23 11:39:39
28,1987,2019-11-03 16:01:19
38,733,2018-07-13 04:20:47
46,195,2018-10-24 05:27:59
47,303,2018-05-15 00:00:57
8,1319,2018-02-12 00:51:56
31,1193,2018-05-17 13:18:01
3,693,2017-02-16 09:14:48
47,1790,2017-04-20 10:05:58
29,1256,2019-08-12 08:35:07
40,468,2018-08-04 07:20:48
12,1541,2018-06-20 13:19:11
32,887,2019-05-01 09:02:52
3,2068,2018-03-13 15:46:04
43,1583,2017-04-05 22:46:40
32,2096,2019-04-03 16:06:31
3,2142,2017-08-26 18:46:04
18,1694,2017-01-04 21:54:04
17,72,2019-11-15 00:50:38
20,1986,2018-06-02 17:37:03
27,314,2018-03-02 06:40:34
31,1460,2018-06-18 20:57:45
20,1603,2019-01-15 23:44:05
8,2095,2018-10-29 12:22:47
30,1940,2017-03-05 04:40:39
27,282,2017-11-25 16:05:45
27,1588,2018-06-25 20:24:22
32,1504,2019-01-25 07:14:21
32,1048,2017-07-31 09:50:10
34,173,2018-06-14 15:08:23
3,393,2018-08-20 13:22:16
3,907,2017-11-05 21:35:54
5,1062,2019-12-14 07:35:58
46,1081,2019-12-21 06:31:20
10,360,2019-01-19 23:48:47
33,795,2018-11-29 12:22:53
15,944,2019-04-22 18:23:40
9,1417,2018-07-11 04:02:54
20,331,2017-11-06 15:36:27
17,1555,2019-09-10 00:20:21
44,246,2017-06-12 11:29:02
17,204,2019-07-20 01:28:37
39,349,2018-08-19 04:58:43
4,472,2019-12-27 14:28:06
24,576,2017-04-04 10:41:11
20,1381,2018-04-08 19:39:14
26,1448,2018-10-28 14:16:30
39,164,2018-07-18 19:37:44
37,750,2019-07-22 00:07:49
17,551,2019-03-03 03:49:43
32,1056,2018-08-27 10:55:34
9,916,2017-05-29 19:36:35
35,883,2019-10-26 05:55:02
46,134,2017-03-02 02:08:48
32,987,2018-04-04 09:35:21
31,2074,2017-06-04 01:21:44
26,1253,2019-06-28 20:47:26
27,1989,2017-03-08 05:24:58
9,623,2018-04-02 14:37:01
50,1786,2018-01-19 20:29:22
36,2015,2019-02-01 14:01:08
13,1208,2017-03-04 16:33:27
31,1526,2019-05-19 06:09:46
14,192,2017-05-29 21:04:31
31,1478,2019-12-03 23:18:36
19,1035,2017-09-13 12:16:44
43,457,2017-04-17 08:05:17
27,2043,2018-02-25 18:14:06
17,918,2017-07-23 13:26:04
26,454,2019-05-05 12:03:51
12,739,2018-12-23 13:28:54
31,1734,2019-04-12 09:47:22
29,1359,2018-04-05 20:03:20
40,769,2017-07-07 11:20:05
13,304,2018-06-18 13:46:28
32,1121,2019-07-17 19:59:24
17,533,2018-04-29 19:17:59
27,1720,2017-09-13 03:31:07
36,618,2019-11-11 18:41:48
31,2082,2017-07-23 13:38:32
27,887,2017-10-30 10:01:48
26,555,2019-08-14 23:02:00
43,80,2017-09-17 21:21:23
39,920,2018-06-14 16:39:32
32,1934,2018-01-04 01:12:11
43,1868,2019-12-24 10:02:14
4,1289,2017-08-03 10:18:00
9,405,2019-07-02 13:56:50
50,1333,2017-05-13 05:14:15
9,28,2018-07-12 15:00:51
15,1776,2018-12-10 16:15:46
21,1331,2018-06-03 21:40:42
46,1667,2017-09-25 04:52:18
43,706,2017-08-19 02:42:54
26,227,2018-04-05 17:05:26
43,2020,2018-05-09 08:52:05
11,1009,2019-12-13 01:59:28
3,1842,2019-09-20 05:13:10
41,1601,2017-10-24 07:27:10
18,1566,2017-03-23 14:10:55
27,2123,2018-01-10 17:49:03
13,1428,2019-12-24 18:09:30
9,1440,2019-11-21 02:17:20
41,723,2018-08-15 10:10:20
28,325,2019-06-15 12:05:22
47,651,2017-07-05 22:01:42
38,1765,2018-05-10 22:56:27
25,801,2017-03-12 12:37:35
36,194,2018-02-10 09:46:55
48,1025,2017-08-06 17:02:23
35,495,2017-01-01 12:09:18
37,1455,2017-06-12 09:23:16
48,156,2018-09-09 21:32:17
3,761,2019-09-18 12:16:41
38,1276,2019-11-28 01:12:37
22,756,2019-03-17 21:01:32
34,1244,2018-12-09 00:14:10
32,368,2019-11-26 22:38:48
29,1791,2018-11-10 20:28:35
48,340,2019-09-04 01:27:35
36,321,2017-12-13 12:17:01
3,2064,2019-01-24 19:15:04
43,1987,2018-12-10 05:37:31
46,2055,2019-10-14 09:38:56
18,1891,2018-12-01 01:50:23
47,2092,2019-10-30 22:43:38
48,926,2019-05-16 09:31:39
9,2162,2017-11-08 07:55:13
13,1843,2018-12-23 07:15:25
4,88,2019-10-21 17:43:53
43,644,2018-12-17 09:32:21
8,1529,2018-10-19 09:07:22
14,1786,2017-10-30 03:26:22
34,2114,2019-07-08 02:13:58
32,978,2019-04-14 04:32:39
40,1571,2017-01-20 11:05:23
47,1896,2019-02-17 14:57:45
43,969,2017-06-18 15:30:55
14,1357,2019-06-25 17:08:25
5,2186,2017-07-07 20:54:46
12,2129,2018-07-08 23:15:50
9,1144,2018-10-31 12:55:47
48,2002,2019-07-31 13:37:43
19,1540,2019-02-09 19:08:18
25,2075,2019-06-08 06:10:46
41,569,2017-08-19 15:17:51
27,746,2017-08-12 08:20:54
18,47,2018-10-31 11:59:14
49,1227,2019-01-11 16:11:55
3,2042,2017-10-17 05:57:17
28,1798,2018-02-25 06:21:15
31,1997,2018-12-31 21:03:36
27,1321,2019-08-26 22:55:42
43,167,2018-11-19 06:46:52
5,1050,2018-09-06 18:36:10
34,9,2019-11-04 19:31:50
8,480,2018-12-31 23:32:24
4,1127,2019-11-10 18:59:02
27,1707,2017-04-06 11:26:12
40,1951,2018-06-13 08:20:54
38,1011,2018-06-26 21:26:05
5,2029,2018-11-09 08:59:33
26,1925,2018-06-19 15:54:41
38,1988,2017-08-20 12:09:22
12,370,2019-10-08 18:58:44
31,1956,2017-05-02 15:37:43
15,1365,2018-01-17 08:55:49
3,1116,2018-04-07 18:45:47
5,1058,2017-09-16 10:41:23
26,286,2017-01-09 09:23:34
37,1266,2019-05-10 05:02:37
15,1429,2017-04-10 22:33:40
28,274,2018-02-14 05:20:07
24,1225,2018-10-24 20:18:12
44,1882,2017-09-28 08:17:03
43,223,2018-04-30 02:18:14
17,187,2019-02-16 15:08:11
32,1478,2017-05-13 03:12:44
12,1561,2019-02-19 14:11:52
17,1307,2018-04-09 22:19:17
27,1285,2018-01-23 01:04:05
24,2015,2019-04-24 19:59:09
41,643,2019-12-21 01:02:12
38,319,2018-01-16 06:37:45
15,2046,2019-05-17 00:10:14
25,1788,2019-04-23 22:49:19
9,712,2018-02-03 14:27:55
18,900,2018-09-03 18:19:27
32,1735,2018-02-09 02:34:23
27,1688,2019-11-03 04:33:07
2,2164,2017-07-10 04:47:48
17,1015,2018-01-16 17:22:13
24,1415,2017-11-12 13:36:46
19,719,2017-10-18 23:07:57
9,1160,2017-04-05 13:57:55
40,2131,2018-02-25 14:30:56
27,996,2019-01-06 01:59:10
47,1408,2017-04-18 12:12:44
50,640,2017-05-30 16:21:50
26,1416,2017-02-02 03:38:34
24,1013,2017-12-26 00:32:17
41,113,2017-08-28 09:24:41
24,1797,2018-07-18 22:08:00
48,211,2019-12-11 15:13:45
28,1644,2019-12-29 19:40:12
50,875,2017-07-04 23:48:47
44,2001,2017-11-04 08:36:39
20,1583,2017-01-03 03:20:11
38,467,2019-05-12 06:12:03
2,1041,2019-09-24 21:35:38
26,302,2019-03-05 21:11:06
36,1858,2018-04-30 04:51:33
37,1976,2018-12-28 18:24:52
25,1239,2017-10-04 07:47:13
42,2028,2017-03-22 19:47:37
14,2120,2019-08-07 19:24:19
17,1641,2018-06-01 19:39:08
27,1734,2017-12-22 17:36:09
45,2025,2019-07-09 23:38:39
28,770,2017-06-26 20:05:16
41,889,2018-01-31 04:05:04
15,279,2019-04-24 15:26:28
45,50,2018-02-09 21:24:01
15,410,2019-08-22 05:05:51
28,1014,2018-10-25 02:14:06
44,149,2019-01-16 10:13:28
41,294,2019-08-11 01:39:30
13,182,2019-11-08 21:30:12
26,1402,2018-02-23 09:25:01
37,525,2018-03-31 01:25:57
41,871,2019-03-04 17:19:18
37,1247,2019-05-05 06:26:31
39,1287,2019-09-18 21:44:15
38,1109,2018-07-02 23:32:48
3,1140,2017-01-20 09:02:08
38,994,2018-01-06 01:24:06
45,677,2017-06-12 13:58:05
31,628,2017-09-09 09:49:44
5,896,2019-10-17 04:07:40
36,1153,2018-02-05 04:14:54
13,691,2019-02-12 18:58:58
48,426,2019-01-28 20:04:01
13,1152,2018-02-15 16:54:14
13,1815,2019-01-08 19:28:26
24,1558,2018-06-13 06:28:52
24,2002,2019-04-09 22:37:02
27,1863,2018-07-15 15:35:44
5,1131,2018-02-02 06:12:33
12,532,2018-12-31 01:25:06
23,390,2018-11-24 00:10:51
17,1991,2018-09-13 07:27:09
31,1242,2019-04-22 03:36:46
15,1161,2019-03-31 04:17:24
14,523,2017-02-16 15:20:18
20,1299,2018-05-26 13:42:43
26,739,2019-08-02 20:05:11
15,349,2017-07-23 02:10:21
32,1876,2017-01-06 11:09:02
3,1714,2017-06-27 21:26:17
43,702,2019-09-28 08:10:54
4,577,2019-11-15 12:20:32
26,1233,2018-05-19 13:12:54
38,1350,2017-09-29 19:57:51
48,788,2018-03-22 00:02:40
45,1361,2018-11-19 14:05:40
5,556,2017-01-27 04:01:10
18,1179,2019-02-04 08:29:28
45,1829,2018-05-05 23:44:22
3,1105,2018-07-24 04:34:52
46,221,2019-08-16 20:43:13
43,249,2017-03-10 10:25:28
28,319,2018-03-25 03:25:09
39,84,2018-11-05 06:00:26
49,1560,2017-07-24 10:54:09
24,480,2018-10-17 22:18:09
4,1498,2017-03-28 18:32:25
45,2172,2018-01-13 03:37:08
41,672,2019-06-12 13:33:01
24,321,2018-01-28 00:29:28
32,1530,2018-03-14 21:42:11
34,1601,2017-08-11 12:46:10
3,890,2017-03-16 18:09:39
47,1283,2019-04-28 22:45:18
26,642,2019-06-22 10:10:10
26,337,2019-01-24 03:03:23
11,1483,2017-02-11 12:53:52
3,1793,2017-05-30 22:52:52
47,227,2018-04-25 19:44:16
19,1100,2017-11-06 13:11:48
28,2189,2017-08-20 15:16:02
14,1436,2018-02-15 09:37:09
26,197,2019-07-27 23:06:19
28,262,2018-11-11 07:07:29
6,1073,2018-04-28 10:10:46
17,1956,2017-11-26 04:56:12
9,1863,2019-04-06 01:44:31
27,59,2019-10-18 13:59:34
26,959,2017-04-05 10:53:29
12,845,2018-05-02 13:51:37
5,1412,2017-04-02 11:42:28
41,973,2019-07-03 04:17:21
20,1046,2018-05-30 16:48:33
9,81,2018-06-04 17:35:33
27,1542,2018-12-08 21:42:25
29,1648,2017-12-10 09:18:01
47,1731,2017-04-06 08:16:11
26,536,2017-12-30 04:57:39
24,661,2018-09-28 13:03:15
20,871,2017-03-01 13:04:08
13,1000,2017-05-29 06:24:24
13,735,2017-01-19 11:09:52
31,536,2018-07-09 16:20:11
17,2105,2017-10-23 04:14:16
28,20,2019-05-26 03:57:16
9,1406,2017-12-10 10:46:33
41,1053,2019-10-27 14:23:52
20,967,2018-11-29 10:55:27
17,439,2017-12-03 20:21:58
46,2029,2019-01-27 10:56:23
43,1725,2017-06-09 08:12:20
48,1871,2019-02-08 14:45:34
18,2021,2019-04-05 10:21:51
3,1356,2017-12-20 02:00:46
15,2189,2019-01-10 06:06:16
3,962,2017-03-04 01:56:26
37,1526,2018-04-27 13:06:23
39,108,2017-12-05 06:34:34
3,832,2017-03-09 04:18:47
32,25,2019-03-01 06:35:19
14,1737,2019-05-07 07:30:52
20,1622,2018-08-03 20:23:38
27,204,2018-12-29 07:11:56
3,590,2017-12-11 04:17:45
42,755,2019-08-05 18:29:03
17,1199,2017-01-13 05:22:48
9,2078,2019-12-01 20:03:54
20,827,2017-08-10 22:23:34
32,107,2017-03-12 03:17:55
49,114,2018-07-16 16:55:22
31,464,2017-06-15 21:54:19
42,330,2019-04-23 19:02:26
27,596,2018-07-30 12:29:20
32,270,2017-02-10 21:56:39
25,1393,2018-09-19 00:19:14
26,929,2019-05-09 13:05:52
5,179,2017-01-24 11:53:48
48,1299,2017-07-20 09:16:40
25,1192,2018-09-24 11:03:51
37,1046,2019-07-28 14:57:47
10,1049,2019-07-17 09:40:26
24,1329,2018-07-23 01:51:37
14,295,2018-08-25 01:23:36
40,1127,2019-03-08 00:48:52
14,2012,2019-01-30 15:50:21
47,1684,2017-12-28 18:29:05
12,1689,2017-11-17 22:37:54
9,1140,2018-04-05 09:23:25
34,975,2017-07-03 13:47:00
13,975,2019-10-18 05:33:39
19,1045,2017-11-18 14:56:23
21,1033,2017-02-24 07:11:17
43,1193,2019-11-01 21:42:53
47,2012,2017-01-12 10:10:55
20,1762,2017-10-14 07:34:54
8,721,2019-10-18 00:15:57
28,1692,2017-12-10 00:46:32
25,1428,2019-07-20 19:32:50
15,787,2018-10-04 09:56:01
43,1998,2018-08-06 23:23:04
8,2149,2018-06-27 22:59:29
3,50,2019-06-29 04:47:52
31,1675,2019-08-17 02:46:16
18,44,2018-04-29 04:14:16
24,228,2017-04-23 05:57:27
32,391,2017-08-16 18:11:12
22,1204,2018-04-11 11:16:09
31,1141,2018-09-01 20:17:45
47,719,2018-05-03 23:58:42
20,2060,2018-05-21 22:12:59
1,387,2017-10-07 20:20:07
41,133,2017-03-08 08:16:54
39,27,2017-04-20 01:52:46
30,894,2019-09-18 03:38:13
46,216,2019-05-26 21:58:23
42,563,2018-11-10 10:50:24
45,1685,2017-04-24 01:53:55
31,1198,2019-10-19 22:51:54
32,2141,2019-06-01 17:47:19
46,1002,2017-03-14 01:17:13
27,848,2018-09-03 17:13:18
20,890,2018-09-13 17:53:54
43,1549,2018-03-08 02:04:43
20,388,2017-04-06 23:41:28
24,1494,2019-09-20 12:34:03
29,1682,2017-12-09 18:57:12
40,1436,2017-01-18 09:24:11
14,491,2018-07-16 22:56:38
26,298,2017-07-31 03:11:35
47,325,2017-01-24 09:35:54
41,842,2018-11-04 03:40:56
15,50,2019-02-19 17:43:12
50,202,2019-03-30 20:02:06
26,1275,2018-03-08 17:11:34
29,329,2018-06-06 14:19:05
21,493,2019-10-20 03:43:48
37,583,2017-11-12 20:28:10
22,1236,2017-07-20 09:23:00
37,546,2018-03-13 07:41:01
26,1953,2019-12-21 14:29:06
38,1280,2019-04-11 09:41:47
3,523,2017-09-27 09:41:39
36,392,2017-06-18 10:31:30
27,881,2018-03-26 08:25:58
14,987,2019-10-19 07:15:59
24,404,2019-02-15 22:00:04
20,503,2017-11-28 10:25:35
48,1660,2017-09-05 09:46:26
47,569,2019-05-10 14:01:41
28,550,2018-09-16 05:40:45
4,1253,2019-01-18 10:40:04
43,1579,2019-08-22 12:20:39
32,2125,2018-11-21 03:21:08
27,1704,2019-07-14 21:09:07
48,341,2018-11-07 13:17:06
20,1391,2018-05-18 18:13:52
4,300,2018-01-24 02:08:26
47,2002,2017-06-22 21:23:22
14,737,2018-10-24 01:16:16
26,599,2017-07-10 08:44:16
28,1101,2019-08-19 11:40:50
18,1313,2018-08-02 14:26:20
24,1586,2018-03-20 00:12:30
29,555,2019-03-11 13:31:12
42,1005,2018-01-31 11:08:14
23,1498,2018-06-05 20:09:02
5,874,2018-01-25 07:22:29
14,2181,2018-10-18 11:52:08
28,1197,2017-12-28 08:44:43
24,1210,2018-12-03 18:13:48
24,1800,2019-01-16 13:06:03
26,1279,2018-09-17 06:53:55
42,1052,2019-08-21 09:10:18
36,1189,2017-11-30 01:02:09
35,802,2018-05-20 02:49:12
19,341,2019-02-14 19:37:25
32,1903,2017-04-03 20:14:06
13,1753,2018-03-04 15:52:25
28,613,2018-04-05 03:40:53
41,397,2018-12-10 19:39:43
5,1089,2017-10-17 06:38:37
32,838,2017-10-18 19:28:47
28,2141,2019-11-08 16:17:46
47,779,2018-02-09 17:54:12
27,1054,2017-01-30 21:12:02
27,1639,2018-06-20 11:04:45
4,1814,2018-01-05 04:13:57
41,1643,2019-09-24 06:23:46
8,156,2018-04-09 00:12:08
26,605,2019-10-07 19:50:05
31,478,2019-02-26 12:35:06
3,707,2019-08-07 03:34:40
42,2179,2019-03-09 04:59:44
47,2060,2017-08-27 17:20:04
48,1607,2018-08-15 12:24:55
41,191,2019-03-17 09:15:12
47,621,2017-09-19 12:03:04
9,1349,2019-05-21 05:01:08
13,2070,2017-10-13 22:57:29
32,1831,2018-07-27 19:47:29
27,1794,2017-06-23 08:11:45
47,384,2018-09-17 20:39:10
14,1209,2018-02-07 15:06:46
46,1848,2018-04-11 13:03:48
20,812,2017-08-04 00:38:57
3,824,2019-06-05 08:31:54
31,548,2017-05-11 00:34:25
14,373,2018-08-17 21:19:28
43,311,2019-09-20 07:51:14
44,495,2017-07-30 07:03:30
5,11,2019-03-18 01:58:42
45,1723,2017-03-10 19:54:06
4,1331,2017-05-21 13:55:29
27,1786,2017-02-14 20:06:34
40,933,2018-11-22 11:22:32
46,1322,2018-12-24 21:08:12
32,1663,2018-10-31 03:26:29
37,123,2018-11-30 14:30:11
6,1985,2018-12-24 23:08:05
39,1564,2019-07-08 00:33:01
2,23,2018-02-22 01:02:30
15,35,2019-04-05 17:43:21
27,1020,2018-05-22 13:19:47
26,1966,2019-07-06 21:45:15
18,931,2017-06-07 18:15:22
3,877,2018-04-21 18:40:55
49,1815,2018-07-26 13:36:03
24,647,2018-05-20 05:09:45
14,1886,2018-09-29 14:15:37
31,601,2019-11-04 16:49:51
45,411,2019-05-07 05:30:01
19,477,2019-08-09 11:10:07
9,334,2017-11-21 12:02:21
5,1022,2019-06-07 22:45:44
14,673,2019-12-11 15:18:54
22,765,2018-03-22 16:41:30
15,1046,2019-11-29 10:46:24
15,901,2018-06-16 16:43:03
3,2159,2018-07-05 22:02:31
29,747,2018-05-26 15:58:28
27,175,2018-01-11 01:45:58
41,1413,2018-03-17 18:26:08
19,1478,2019-02-23 23:12:59
35,1651,2017-09-17 10:44:49
26,2019,2019-12-14 09:57:42
27,1748,2017-01-16 16:31:25
19,1818,2019-06-11 16:33:42
47,1193,2018-05-18 19:42:03
32,401,2018-11-07 01:34:07
24,1239,2017-12-26 09:36:58
27,904,2019-06-29 10:02:00
26,1703,2018-01-12 07:08:17
3,1989,2019-01-27 07:13:07
8,1316,2019-01-13 07:59:47
41,2121,2018-06-20 07:44:50
47,1545,2017-07-26 18:14:38
3,1340,2017-02-01 06:31:28
32,1550,2018-01-19 18:49:04
43,1536,2017-05-30 01:33:37
8,1219,2019-06-24 01:13:41
13,991,2019-06-19 06:09:39
32,1507,2019-02-20 22:02:26
24,695,2019-02-04 18:20:43
39,1383,2019-06-04 16:43:23
25,307,2018-07-24 03:29:20
41,899,2019-04-01 17:08:45
27,1856,2017-05-31 12:27:11
32,2000,2019-01-19 08:25:11
20,164,2019-03-28 13:19:42
4,377,2018-01-17 00:47:38
4,1735,2019-04-13 02:39:56
31,935,2018-09-10 15:54:07
32,255,2019-03-16 00:50:17
17,2046,2017-08-07 22:42:41
27,1257,2019-07-04 15:08:16
14,189,2017-03-14 07:38:31
15,1800,2017-03-01 01:55:57
50,913,2019-10-06 00:36:10
5,1610,2018-10-08 15:51:12
18,1465,2017-10-28 18:04:27
44,953,2019-12-29 11:50:33
37,1094,2019-03-10 05:02:13
34,1573,2017-11-11 04:45:02
18,1394,2019-08-10 16:28:30
26,2122,2018-04-28 11:48:17
20,1584,2019-08-30 10:45:19
23,1645,2018-02-20 14:14:08
9,1046,2017-02-13 19:02:25
43,1503,2019-11-18 15:37:01
20,984,2017-11-06 21:57:26
15,1279,2018-01-12 13:33:50
13,2179,2018-07-21 22:00:19
34,980,2019-08-13 07:54:31
5,1475,2019-06-11 19:35:56
8,658,2018-03-22 03:06:42
15,908,2019-11-19 06:13:58
42,93,2019-04-04 14:26:39
7,705,2019-02-23 03:14:33
3,1753,2019-03-29 11:51:44
32,1600,2018-04-11 02:17:34
39,958,2019-05-10 20:26:18
47,292,2017-02-06 03:28:38
6,1538,2018-02-07 15:43:31
23,1964,2018-07-06 02:38:50
14,1980,2017-12-31 09:21:32
31,641,2017-08-16 05:01:38
42,2064,2017-04-24 13:56:07
22,589,2019-07-16 19:48:42
46,1850,2018-07-06 20:18:00
41,32,2019-11-26 06:25:12
3,1390,2018-11-09 20:37:37
32,684,2018-01-19 23:16:49
27,457,2019-10-30 11:01:19
3,1531,2017-08-11 10:03:46
47,2167,2017-05-04 16:10:35
18,2069,2018-04-16 18:37:28
14,1308,2018-11-30 03:37:44
12,708,2018-09-05 02:49:14
47,1820,2018-12-18 20:37:51
23,476,2019-01-26 07:26:32
37,162,2019-09-09 01:01:20
15,999,2018-09-27 00:44:51
13,636,2018-03-13 00:25:29
17,1207,2019-08-01 22:21:33
8,1513,2017-11-21 04:08:44
26,241,2018-05-08 11:20:01
5,298,2019-02-19 18:35:27
3,901,2017-06-29 23:31:57
5,1283,2017-06-30 18:54:49
5,1936,2018-01-21 00:41:54
5,429,2017-06-17 11:07:25
32,848,2018-08-11 15:24:48
27,1022,2019-01-23 08:48:15
35,1548,2018-07-03 14:53:34
31,1613,2017-08-25 08:08:42
50,998,2018-02-18 05:26:13
15,1001,2019-11-16 00:07:03
14,2155,2018-09-27 22:36:28
4,1020,2018-05-24 11:19:07
15,1550,2019-12-14 15:36:29
26,206,2018-02-06 01:21:06
17,43,2018-03-15 04:54:46
20,2133,2017-03-03 12:09:23
34,569,2019-04-04 13:38:02
14,2105,2018-09-28 02:50:20
3,1547,2017-01-31 13:02:02
5,1925,2018-01-13 03:13:13
28,1283,2018-03-06 04:22:45
3,1744,2018-08-13 16:30:50
13,1910,2017-11-22 08:00:45
42,849,2018-04-13 15:03:54
50,1289,2017-02-18 04:51:28
9,1157,2018-02-16 16:05:33
48,1703,2018-01-28 18:33:01
30,1944,2017-08-13 15:09:59
15,1570,2017-01-07 16:29:32
24,749,2018-03-24 15:22:26
3,33,2019-09-08 15:19:04
39,2014,2018-01-27 23:00:50
9,1104,2019-11-30 13:27:22
21,2111,2018-05-31 21:56:22
9,769,2019-03-01 22:07:24
48,209,2017-09-29 11:23:04
4,720,2017-02-19 19:05:35
37,23,2019-10-14 05:15:30
19,1719,2018-04-28 10:29:46
15,2036,2018-11-27 04:47:18
1,1475,2019-01-29 13:19:17
9,637,2018-12-14 19:57:07
43,603,2019-05-16 09:33:00
25,7,2019-12-10 04:19:15
41,1438,2017-12-26 11:38:06
38,2016,2018-08-16 10:39:58
17,1588,2017-09-27 06:54:16
17,507,2018-03-23 12:42:08
27,1823,2017-11-20 01:56:25
24,1838,2018-04-03 11:36:01
14,1699,2018-02-28 16:16:43
42,2086,2019-05-02 01:08:40
12,770,2018-02-16 15:34:51
17,1291,2017-05-20 19:39:35
36,156,2019-12-19 14:44:06
19,1342,2018-09-10 18:08:57
27,1760,2018-10-01 22:52:40
48,1273,2019-09-06 08:20:20
14,1663,2017-07-23 21:37:25
41,1428,2019-01-23 14:29:37
28,372,2018-12-09 14:56:41
3,1198,2018-09-19 02:05:56
28,1015,2017-07-15 17:32:58
27,1726,2017-08-31 20:22:12
46,573,2018-08-11 13:46:18
34,15,2017-10-25 19:27:22
38,387,2018-07-22 03:59:26
31,1247,2019-10-15 03:57:30
46,811,2017-05-18 11:59:46
43,1342,2018-05-09 10:20:17
12,177,2017-12-21 12:48:41
8,552,2018-03-21 22:11:32
17,870,2019-01-27 14:19:16
1,2183,2019-01-28 10:19:51
5,306,2019-09-16 19:17:38
24,1226,2018-12-08 15:04:08
9,274,2018-09-03 22:31:52
42,770,2018-11-11 13:06:44
45,1125,2018-07-24 17:28:35
17,2018,2019-07-18 16:41:41
3,1081,2017-10-24 21:19:26
23,555,2018-08-12 18:03:32
19,812,2018-06-11 13:58:21
32,1429,2018-11-13 13:00:03
25,1334,2017-11-02 19:38:42
13,424,2018-11-13 17:22:30
23,637,2017-08-31 13:20:38
17,51,2019-05-14 07:46:11
5,1977,2017-11-17 00:13:15
3,1324,2019-09-29 22:42:08
5,21,2017-11-13 16:53:34
44,2037,2017-01-24 21:59:50
14,105,2018-04-20 14:50:13
29,462,2017-07-11 09:42:40
48,813,2019-01-02 08:12:07
3,1496,2017-12-10 03:41:00
13,1040,2017-09-23 21:49:14
27,22,2019-04-06 16:23:43
20,95,2019-03-01 16:09:12
15,2071,2019-10-17 01:43:28
12,722,2019-07-02 15:28:58
27,1496,2017-01-13 16:01:53
45,1451,2018-09-18 23:16:56
18,1624,2017-07-12 14:14:59
45,380,2019-09-02 21:20:10
14,381,2019-04-30 09:12:34
12,1404,2017-09-20 22:00:51
8,1861,2019-06-09 19:35:37
12,266,2018-08-22 11:43:26
5,951,2019-01-17 04:27:10
35,118,2017-01-04 08:14:37
15,1921,2017-05-22 17:35:09
50,1802,2017-12-20 06:04:02
3,90,2018-11-11 06:10:04
3,1653,2017-12-04 12:13:56
26,1982,2017-07-10 08:13:58
5,1684,2019-01-14 00:55:13
43,1464,2019-07-19 06:01:02
18,1028,2018-08-30 15:33:42
48,1569,2019-11-21 06:24:53
22,735,2019-12-10 11:09:10
48,1005,2019-07-17 06:10:18
5,1356,2018-08-25 17:57:05
3,14,2017-11-01 14:57:22
13,1026,2019-01-18 01:26:24
6,1646,2018-06-13 10:11:19
26,646,2017-05-20 06:07:11
27,1370,2017-05-11 17:38:55
43,102,2017-01-02 11:41:23
38,770,2019-08-09 10:16:56
41,1410,2018-07-07 07:10:20
43,1611,2017-06-12 01:52:37
27,1773,2017-03-01 17:30:07
32,66,2019-03-27 16:06:10
14,305,2018-11-27 12:15:19
37,742,2019-12-15 21:27:19
28,717,2019-12-23 12:29:35
26,389,2017-11-12 23:20:36
40,2139,2018-01-18 14:44:42
13,1453,2018-12-04 15:01:09
4,2009,2017-05-26 05:18:31
9,1226,2018-01-22 06:35:11
14,1177,2019-03-01 06:36:05
14,1370,2018-03-16 15:03:25
46,853,2017-03-15 01:38:18
32,1730,2017-02-23 14:41:00
47,667,2018-09-27 02:15:25
24,537,2019-12-02 16:42:35
26,159,2019-04-14 13:27:20
45,2149,2017-06-15 23:17:14
37,1905,2017-05-01 08:32:11
10,440,2018-01-26 09:07:15
29,1210,2017-12-31 04:38:02
18,1306,2019-05-30 16:32:01
31,564,2017-09-02 12:35:58
38,166,2017-12-08 08:35:16
4,303,2018-03-29 03:29:01
18,1271,2017-05-03 06:19:38
13,51,2017-03-21 02:09:56
44,1838,2019-02-24 20:44:02
41,1753,2017-12-04 14:26:43
35,150,2019-04-01 01:50:26
25,1392,2019-08-17 20:09:33
17,692,2018-10-25 21:27:37
9,2103,2017-03-20 18:34:04
27,555,2019-01-23 05:30:48
24,1464,2017-08-16 03:02:13
27,376,2019-09-28 01:40:24
20,1673,2017-09-09 22:19:52
9,1701,2018-09-27 13:50:20
23,608,2019-11-29 18:28:51
19,1270,2018-08-22 02:18:46
17,1671,2017-08-30 00:16:52
42,717,2019-12-09 09:47:15
41,208,2017-01-03 17:27:11
43,1918,2017-04-12 07:15:13
43,357,2018-04-29 19:32:18
50,566,2018-11-26 12:34:11
14,1447,2017-05-22 13:00:30
27,936,2018-12-11 22:46:33
14,2131,2019-12-03 09:11:14
20,471,2017-05-29 03:40:43
48,2171,2019-05-06 07:16:06
37,757,2017-02-18 10:05:51
20,1337,2018-09-17 08:50:41
5,639,2017-05-07 18:20:22
39,816,2019-09-05 23:41:14
42,1819,2019-11-15 23:31:10
3,1463,2019-03-31 08:55:18
37,1236,2018-02-26 20:16:38
19,1082,2017-02-12 12:19:04
23,682,2018-02-21 02:14:45
24,311,2017-02-24 10:08:39
8,1564,2019-09-27 12:51:35
48,1230,2017-10-09 09:08:52
47,466,2017-10-06 16:04:05
3,1722,2019-01-11 16:13:14
3,1952,2018-04-16 11:18:28
9,1117,2018-12-02 04:06:26
44,722,2017-12-25 21:37:53
35,2002,2017-05-04 11:43:31
18,2187,2019-10-17 13:57:03
3,26,2019-09-21 05:24:52
42,363,2017-02-24 03:51:06
37,371,2017-01-03 20:43:25
3,411,2018-05-26 20:04:45
45,1621,2018-05-11 00:38:27
26,742,2018-10-08 21:17:31
8,56,2018-10-01 07:51:22
5,249,2018-10-11 20:53:14
15,1215,2019-05-26 05:03:18
8,1789,2017-06-17 18:45:52
20,292,2018-12-15 08:33:24
38,1213,2018-01-22 03:18:25
15,1054,2018-12-26 22:33:11
34,497,2018-12-28 22:12:47
48,886,2019-11-07 16:29:21
8,941,2019-12-14 02:51:52
41,505,2018-09-18 19:13:21
19,1105,2017-02-15 15:28:29
41,2064,2019-09-17 17:48:19
17,1316,2019-07-14 08:10:09
18,1398,2018-10-24 15:01:11
38,162,2018-06-26 23:04:14
50,1906,2018-10-29 23:17:51
18,717,2018-03-28 16:03:31
14,396,2019-12-02 12:40:57
20,1953,2018-08-29 17:58:47
26,1836,2017-09-24 14:54:51
22,206,2017-10-26 12:45:06
23,568,2018-08-30 04:58:31
39,1547,2017-01-28 01:10:46
2,1091,2019-11-11 17:53:56
15,2068,2017-01-11 20:52:02
42,138,2017-01-11 07:28:42
20,391,2018-09-18 06:08:01
39,1718,2019-06-01 10:58:38
43,1488,2018-04-20 05:09:58
18,1612,2019-12-03 18:55:03
27,966,2017-02-03 15:53:57
48,1881,2017-01-14 11:50:27
40,171,2017-10-02 18:53:50
27,1091,2019-12-19 23:19:47
29,1470,2017-07-09 12:25:25
44,1194,2017-02-04 22:04:47
29,202,2019-09-29 23:51:33
27,1461,2017-04-21 07:40:13
42,605,2017-02-11 18:58:00
2,1558,2019-01-30 17:39:49
18,1470,2018-12-12 08:57:50
35,1118,2018-12-21 15:16:25
9,461,2018-07-29 23:08:29
19,914,2019-06-07 21:49:15
41,1306,2019-03-04 02:36:17
4,1213,2017-04-27 18:28:14
17,314,2019-01-01 07:52:32
48,1388,2017-02-24 21:24:31
46,1999,2017-06-25 06:44:32
49,943,2017-07-07 07:23:27
24,2169,2019-08-07 11:51:52
15,1899,2019-02-26 08:21:24
8,1153,2019-05-11 00:51:35
26,1860,2017-12-22 13:46:50
15,303,2018-08-23 18:07:01
18,1093,2018-01-28 14:41:56
4,925,2018-02-22 04:49:48
47,1956,2019-08-15 06:28:21
20,433,2018-04-14 22:07:21
48,679,2019-05-05 20:48:28
32,1988,2017-11-25 00:32:34
18,375,2017-01-26 07:32:27
47,952,2018-01-06 09:51:39
40,403,2019-06-26 05:32:34
40,1759,2018-08-05 10:29:36
3,1887,2019-07-13 01:46:02
24,1131,2019-11-06 05:16:53
